session_date,open_utc,close_utc,open_et,close_et,is_early_close,year,month,dow,calendar,timezone
2012-01-03,2012-01-03T14:30:00+0000,2012-01-03T21:00:00+0000,2012-01-03T09:30:00-0500,2012-01-03T16:00:00-0500,False,2012,1,Tuesday,XNYS,America/New_York
2012-01-04,2012-01-04T14:30:00+0000,2012-01-04T21:00:00+0000,2012-01-04T09:30:00-0500,2012-01-04T16:00:00-0500,False,2012,1,Wednesday,XNYS,America/New_York
2012-01-05,2012-01-05T14:30:00+0000,2012-01-05T21:00:00+0000,2012-01-05T09:30:00-0500,2012-01-05T16:00:00-0500,False,2012,1,Thursday,XNYS,America/New_York
2012-01-06,2012-01-06T14:30:00+0000,2012-01-06T21:00:00+0000,2012-01-06T09:30:00-0500,2012-01-06T16:00:00-0500,False,2012,1,Friday,XNYS,America/New_York
2012-01-09,2012-01-09T14:30:00+0000,2012-01-09T21:00:00+0000,2012-01-09T09:30:00-0500,2012-01-09T16:00:00-0500,False,2012,1,Monday,XNYS,America/New_York
2012-01-10,2012-01-10T14:30:00+0000,2012-01-10T21:00:00+0000,2012-01-10T09:30:00-0500,2012-01-10T16:00:00-0500,False,2012,1,Tuesday,XNYS,America/New_York
2012-01-11,2012-01-11T14:30:00+0000,2012-01-11T21:00:00+0000,2012-01-11T09:30:00-0500,2012-01-11T16:00:00-0500,False,2012,1,Wednesday,XNYS,America/New_York
2012-01-12,2012-01-12T14:30:00+0000,2012-01-12T21:00:00+0000,2012-01-12T09:30:00-0500,2012-01-12T16:00:00-0500,False,2012,1,Thursday,XNYS,America/New_York
2012-01-13,2012-01-13T14:30:00+0000,2012-01-13T21:00:00+0000,2012-01-13T09:30:00-0500,2012-01-13T16:00:00-0500,False,2012,1,Friday,XNYS,America/New_York
2012-01-17,2012-01-17T14:30:00+0000,2012-01-17T21:00:00+0000,2012-01-17T09:30:00-0500,2012-01-17T16:00:00-0500,False,2012,1,Tuesday,XNYS,America/New_York
2012-01-18,2012-01-18T14:30:00+0000,2012-01-18T21:00:00+0000,2012-01-18T09:30:00-0500,2012-01-18T16:00:00-0500,False,2012,1,Wednesday,XNYS,America/New_York
2012-01-19,2012-01-19T14:30:00+0000,2012-01-19T21:00:00+0000,2012-01-19T09:30:00-0500,2012-01-19T16:00:00-0500,False,2012,1,Thursday,XNYS,America/New_York
2012-01-20,2012-01-20T14:30:00+0000,2012-01-20T21:00:00+0000,2012-01-20T09:30:00-0500,2012-01-20T16:00:00-0500,False,2012,1,Friday,XNYS,America/New_York
2012-01-23,2012-01-23T14:30:00+0000,2012-01-23T21:00:00+0000,2012-01-23T09:30:00-0500,2012-01-23T16:00:00-0500,False,2012,1,Monday,XNYS,America/New_York
2012-01-24,2012-01-24T14:30:00+0000,2012-01-24T21:00:00+0000,2012-01-24T09:30:00-0500,2012-01-24T16:00:00-0500,False,2012,1,Tuesday,XNYS,America/New_York
2012-01-25,2012-01-25T14:30:00+0000,2012-01-25T21:00:00+0000,2012-01-25T09:30:00-0500,2012-01-25T16:00:00-0500,False,2012,1,Wednesday,XNYS,America/New_York
2012-01-26,2012-01-26T14:30:00+0000,2012-01-26T21:00:00+0000,2012-01-26T09:30:00-0500,2012-01-26T16:00:00-0500,False,2012,1,Thursday,XNYS,America/New_York
2012-01-27,2012-01-27T14:30:00+0000,2012-01-27T21:00:00+0000,2012-01-27T09:30:00-0500,2012-01-27T16:00:00-0500,False,2012,1,Friday,XNYS,America/New_York
2012-01-30,2012-01-30T14:30:00+0000,2012-01-30T21:00:00+0000,2012-01-30T09:30:00-0500,2012-01-30T16:00:00-0500,False,2012,1,Monday,XNYS,America/New_York
2012-01-31,2012-01-31T14:30:00+0000,2012-01-31T21:00:00+0000,2012-01-31T09:30:00-0500,2012-01-31T16:00:00-0500,False,2012,1,Tuesday,XNYS,America/New_York
2012-02-01,2012-02-01T14:30:00+0000,2012-02-01T21:00:00+0000,2012-02-01T09:30:00-0500,2012-02-01T16:00:00-0500,False,2012,2,Wednesday,XNYS,America/New_York
2012-02-02,2012-02-02T14:30:00+0000,2012-02-02T21:00:00+0000,2012-02-02T09:30:00-0500,2012-02-02T16:00:00-0500,False,2012,2,Thursday,XNYS,America/New_York
2012-02-03,2012-02-03T14:30:00+0000,2012-02-03T21:00:00+0000,2012-02-03T09:30:00-0500,2012-02-03T16:00:00-0500,False,2012,2,Friday,XNYS,America/New_York
2012-02-06,2012-02-06T14:30:00+0000,2012-02-06T21:00:00+0000,2012-02-06T09:30:00-0500,2012-02-06T16:00:00-0500,False,2012,2,Monday,XNYS,America/New_York
2012-02-07,2012-02-07T14:30:00+0000,2012-02-07T21:00:00+0000,2012-02-07T09:30:00-0500,2012-02-07T16:00:00-0500,False,2012,2,Tuesday,XNYS,America/New_York
2012-02-08,2012-02-08T14:30:00+0000,2012-02-08T21:00:00+0000,2012-02-08T09:30:00-0500,2012-02-08T16:00:00-0500,False,2012,2,Wednesday,XNYS,America/New_York
2012-02-09,2012-02-09T14:30:00+0000,2012-02-09T21:00:00+0000,2012-02-09T09:30:00-0500,2012-02-09T16:00:00-0500,False,2012,2,Thursday,XNYS,America/New_York
2012-02-10,2012-02-10T14:30:00+0000,2012-02-10T21:00:00+0000,2012-02-10T09:30:00-0500,2012-02-10T16:00:00-0500,False,2012,2,Friday,XNYS,America/New_York
2012-02-13,2012-02-13T14:30:00+0000,2012-02-13T21:00:00+0000,2012-02-13T09:30:00-0500,2012-02-13T16:00:00-0500,False,2012,2,Monday,XNYS,America/New_York
2012-02-14,2012-02-14T14:30:00+0000,2012-02-14T21:00:00+0000,2012-02-14T09:30:00-0500,2012-02-14T16:00:00-0500,False,2012,2,Tuesday,XNYS,America/New_York
2012-02-15,2012-02-15T14:30:00+0000,2012-02-15T21:00:00+0000,2012-02-15T09:30:00-0500,2012-02-15T16:00:00-0500,False,2012,2,Wednesday,XNYS,America/New_York
2012-02-16,2012-02-16T14:30:00+0000,2012-02-16T21:00:00+0000,2012-02-16T09:30:00-0500,2012-02-16T16:00:00-0500,False,2012,2,Thursday,XNYS,America/New_York
2012-02-17,2012-02-17T14:30:00+0000,2012-02-17T21:00:00+0000,2012-02-17T09:30:00-0500,2012-02-17T16:00:00-0500,False,2012,2,Friday,XNYS,America/New_York
2012-02-21,2012-02-21T14:30:00+0000,2012-02-21T21:00:00+0000,2012-02-21T09:30:00-0500,2012-02-21T16:00:00-0500,False,2012,2,Tuesday,XNYS,America/New_York
2012-02-22,2012-02-22T14:30:00+0000,2012-02-22T21:00:00+0000,2012-02-22T09:30:00-0500,2012-02-22T16:00:00-0500,False,2012,2,Wednesday,XNYS,America/New_York
2012-02-23,2012-02-23T14:30:00+0000,2012-02-23T21:00:00+0000,2012-02-23T09:30:00-0500,2012-02-23T16:00:00-0500,False,2012,2,Thursday,XNYS,America/New_York
2012-02-24,2012-02-24T14:30:00+0000,2012-02-24T21:00:00+0000,2012-02-24T09:30:00-0500,2012-02-24T16:00:00-0500,False,2012,2,Friday,XNYS,America/New_York
2012-02-27,2012-02-27T14:30:00+0000,2012-02-27T21:00:00+0000,2012-02-27T09:30:00-0500,2012-02-27T16:00:00-0500,False,2012,2,Monday,XNYS,America/New_York
2012-02-28,2012-02-28T14:30:00+0000,2012-02-28T21:00:00+0000,2012-02-28T09:30:00-0500,2012-02-28T16:00:00-0500,False,2012,2,Tuesday,XNYS,America/New_York
2012-02-29,2012-02-29T14:30:00+0000,2012-02-29T21:00:00+0000,2012-02-29T09:30:00-0500,2012-02-29T16:00:00-0500,False,2012,2,Wednesday,XNYS,America/New_York
2012-03-01,2012-03-01T14:30:00+0000,2012-03-01T21:00:00+0000,2012-03-01T09:30:00-0500,2012-03-01T16:00:00-0500,False,2012,3,Thursday,XNYS,America/New_York
2012-03-02,2012-03-02T14:30:00+0000,2012-03-02T21:00:00+0000,2012-03-02T09:30:00-0500,2012-03-02T16:00:00-0500,False,2012,3,Friday,XNYS,America/New_York
2012-03-05,2012-03-05T14:30:00+0000,2012-03-05T21:00:00+0000,2012-03-05T09:30:00-0500,2012-03-05T16:00:00-0500,False,2012,3,Monday,XNYS,America/New_York
2012-03-06,2012-03-06T14:30:00+0000,2012-03-06T21:00:00+0000,2012-03-06T09:30:00-0500,2012-03-06T16:00:00-0500,False,2012,3,Tuesday,XNYS,America/New_York
2012-03-07,2012-03-07T14:30:00+0000,2012-03-07T21:00:00+0000,2012-03-07T09:30:00-0500,2012-03-07T16:00:00-0500,False,2012,3,Wednesday,XNYS,America/New_York
2012-03-08,2012-03-08T14:30:00+0000,2012-03-08T21:00:00+0000,2012-03-08T09:30:00-0500,2012-03-08T16:00:00-0500,False,2012,3,Thursday,XNYS,America/New_York
2012-03-09,2012-03-09T14:30:00+0000,2012-03-09T21:00:00+0000,2012-03-09T09:30:00-0500,2012-03-09T16:00:00-0500,False,2012,3,Friday,XNYS,America/New_York
2012-03-12,2012-03-12T13:30:00+0000,2012-03-12T20:00:00+0000,2012-03-12T09:30:00-0400,2012-03-12T16:00:00-0400,False,2012,3,Monday,XNYS,America/New_York
2012-03-13,2012-03-13T13:30:00+0000,2012-03-13T20:00:00+0000,2012-03-13T09:30:00-0400,2012-03-13T16:00:00-0400,False,2012,3,Tuesday,XNYS,America/New_York
2012-03-14,2012-03-14T13:30:00+0000,2012-03-14T20:00:00+0000,2012-03-14T09:30:00-0400,2012-03-14T16:00:00-0400,False,2012,3,Wednesday,XNYS,America/New_York
2012-03-15,2012-03-15T13:30:00+0000,2012-03-15T20:00:00+0000,2012-03-15T09:30:00-0400,2012-03-15T16:00:00-0400,False,2012,3,Thursday,XNYS,America/New_York
2012-03-16,2012-03-16T13:30:00+0000,2012-03-16T20:00:00+0000,2012-03-16T09:30:00-0400,2012-03-16T16:00:00-0400,False,2012,3,Friday,XNYS,America/New_York
2012-03-19,2012-03-19T13:30:00+0000,2012-03-19T20:00:00+0000,2012-03-19T09:30:00-0400,2012-03-19T16:00:00-0400,False,2012,3,Monday,XNYS,America/New_York
2012-03-20,2012-03-20T13:30:00+0000,2012-03-20T20:00:00+0000,2012-03-20T09:30:00-0400,2012-03-20T16:00:00-0400,False,2012,3,Tuesday,XNYS,America/New_York
2012-03-21,2012-03-21T13:30:00+0000,2012-03-21T20:00:00+0000,2012-03-21T09:30:00-0400,2012-03-21T16:00:00-0400,False,2012,3,Wednesday,XNYS,America/New_York
2012-03-22,2012-03-22T13:30:00+0000,2012-03-22T20:00:00+0000,2012-03-22T09:30:00-0400,2012-03-22T16:00:00-0400,False,2012,3,Thursday,XNYS,America/New_York
2012-03-23,2012-03-23T13:30:00+0000,2012-03-23T20:00:00+0000,2012-03-23T09:30:00-0400,2012-03-23T16:00:00-0400,False,2012,3,Friday,XNYS,America/New_York
2012-03-26,2012-03-26T13:30:00+0000,2012-03-26T20:00:00+0000,2012-03-26T09:30:00-0400,2012-03-26T16:00:00-0400,False,2012,3,Monday,XNYS,America/New_York
2012-03-27,2012-03-27T13:30:00+0000,2012-03-27T20:00:00+0000,2012-03-27T09:30:00-0400,2012-03-27T16:00:00-0400,False,2012,3,Tuesday,XNYS,America/New_York
2012-03-28,2012-03-28T13:30:00+0000,2012-03-28T20:00:00+0000,2012-03-28T09:30:00-0400,2012-03-28T16:00:00-0400,False,2012,3,Wednesday,XNYS,America/New_York
2012-03-29,2012-03-29T13:30:00+0000,2012-03-29T20:00:00+0000,2012-03-29T09:30:00-0400,2012-03-29T16:00:00-0400,False,2012,3,Thursday,XNYS,America/New_York
2012-03-30,2012-03-30T13:30:00+0000,2012-03-30T20:00:00+0000,2012-03-30T09:30:00-0400,2012-03-30T16:00:00-0400,False,2012,3,Friday,XNYS,America/New_York
2012-04-02,2012-04-02T13:30:00+0000,2012-04-02T20:00:00+0000,2012-04-02T09:30:00-0400,2012-04-02T16:00:00-0400,False,2012,4,Monday,XNYS,America/New_York
2012-04-03,2012-04-03T13:30:00+0000,2012-04-03T20:00:00+0000,2012-04-03T09:30:00-0400,2012-04-03T16:00:00-0400,False,2012,4,Tuesday,XNYS,America/New_York
2012-04-04,2012-04-04T13:30:00+0000,2012-04-04T20:00:00+0000,2012-04-04T09:30:00-0400,2012-04-04T16:00:00-0400,False,2012,4,Wednesday,XNYS,America/New_York
2012-04-05,2012-04-05T13:30:00+0000,2012-04-05T20:00:00+0000,2012-04-05T09:30:00-0400,2012-04-05T16:00:00-0400,False,2012,4,Thursday,XNYS,America/New_York
2012-04-09,2012-04-09T13:30:00+0000,2012-04-09T20:00:00+0000,2012-04-09T09:30:00-0400,2012-04-09T16:00:00-0400,False,2012,4,Monday,XNYS,America/New_York
2012-04-10,2012-04-10T13:30:00+0000,2012-04-10T20:00:00+0000,2012-04-10T09:30:00-0400,2012-04-10T16:00:00-0400,False,2012,4,Tuesday,XNYS,America/New_York
2012-04-11,2012-04-11T13:30:00+0000,2012-04-11T20:00:00+0000,2012-04-11T09:30:00-0400,2012-04-11T16:00:00-0400,False,2012,4,Wednesday,XNYS,America/New_York
2012-04-12,2012-04-12T13:30:00+0000,2012-04-12T20:00:00+0000,2012-04-12T09:30:00-0400,2012-04-12T16:00:00-0400,False,2012,4,Thursday,XNYS,America/New_York
2012-04-13,2012-04-13T13:30:00+0000,2012-04-13T20:00:00+0000,2012-04-13T09:30:00-0400,2012-04-13T16:00:00-0400,False,2012,4,Friday,XNYS,America/New_York
2012-04-16,2012-04-16T13:30:00+0000,2012-04-16T20:00:00+0000,2012-04-16T09:30:00-0400,2012-04-16T16:00:00-0400,False,2012,4,Monday,XNYS,America/New_York
2012-04-17,2012-04-17T13:30:00+0000,2012-04-17T20:00:00+0000,2012-04-17T09:30:00-0400,2012-04-17T16:00:00-0400,False,2012,4,Tuesday,XNYS,America/New_York
2012-04-18,2012-04-18T13:30:00+0000,2012-04-18T20:00:00+0000,2012-04-18T09:30:00-0400,2012-04-18T16:00:00-0400,False,2012,4,Wednesday,XNYS,America/New_York
2012-04-19,2012-04-19T13:30:00+0000,2012-04-19T20:00:00+0000,2012-04-19T09:30:00-0400,2012-04-19T16:00:00-0400,False,2012,4,Thursday,XNYS,America/New_York
2012-04-20,2012-04-20T13:30:00+0000,2012-04-20T20:00:00+0000,2012-04-20T09:30:00-0400,2012-04-20T16:00:00-0400,False,2012,4,Friday,XNYS,America/New_York
2012-04-23,2012-04-23T13:30:00+0000,2012-04-23T20:00:00+0000,2012-04-23T09:30:00-0400,2012-04-23T16:00:00-0400,False,2012,4,Monday,XNYS,America/New_York
2012-04-24,2012-04-24T13:30:00+0000,2012-04-24T20:00:00+0000,2012-04-24T09:30:00-0400,2012-04-24T16:00:00-0400,False,2012,4,Tuesday,XNYS,America/New_York
2012-04-25,2012-04-25T13:30:00+0000,2012-04-25T20:00:00+0000,2012-04-25T09:30:00-0400,2012-04-25T16:00:00-0400,False,2012,4,Wednesday,XNYS,America/New_York
2012-04-26,2012-04-26T13:30:00+0000,2012-04-26T20:00:00+0000,2012-04-26T09:30:00-0400,2012-04-26T16:00:00-0400,False,2012,4,Thursday,XNYS,America/New_York
2012-04-27,2012-04-27T13:30:00+0000,2012-04-27T20:00:00+0000,2012-04-27T09:30:00-0400,2012-04-27T16:00:00-0400,False,2012,4,Friday,XNYS,America/New_York
2012-04-30,2012-04-30T13:30:00+0000,2012-04-30T20:00:00+0000,2012-04-30T09:30:00-0400,2012-04-30T16:00:00-0400,False,2012,4,Monday,XNYS,America/New_York
2012-05-01,2012-05-01T13:30:00+0000,2012-05-01T20:00:00+0000,2012-05-01T09:30:00-0400,2012-05-01T16:00:00-0400,False,2012,5,Tuesday,XNYS,America/New_York
2012-05-02,2012-05-02T13:30:00+0000,2012-05-02T20:00:00+0000,2012-05-02T09:30:00-0400,2012-05-02T16:00:00-0400,False,2012,5,Wednesday,XNYS,America/New_York
2012-05-03,2012-05-03T13:30:00+0000,2012-05-03T20:00:00+0000,2012-05-03T09:30:00-0400,2012-05-03T16:00:00-0400,False,2012,5,Thursday,XNYS,America/New_York
2012-05-04,2012-05-04T13:30:00+0000,2012-05-04T20:00:00+0000,2012-05-04T09:30:00-0400,2012-05-04T16:00:00-0400,False,2012,5,Friday,XNYS,America/New_York
2012-05-07,2012-05-07T13:30:00+0000,2012-05-07T20:00:00+0000,2012-05-07T09:30:00-0400,2012-05-07T16:00:00-0400,False,2012,5,Monday,XNYS,America/New_York
2012-05-08,2012-05-08T13:30:00+0000,2012-05-08T20:00:00+0000,2012-05-08T09:30:00-0400,2012-05-08T16:00:00-0400,False,2012,5,Tuesday,XNYS,America/New_York
2012-05-09,2012-05-09T13:30:00+0000,2012-05-09T20:00:00+0000,2012-05-09T09:30:00-0400,2012-05-09T16:00:00-0400,False,2012,5,Wednesday,XNYS,America/New_York
2012-05-10,2012-05-10T13:30:00+0000,2012-05-10T20:00:00+0000,2012-05-10T09:30:00-0400,2012-05-10T16:00:00-0400,False,2012,5,Thursday,XNYS,America/New_York
2012-05-11,2012-05-11T13:30:00+0000,2012-05-11T20:00:00+0000,2012-05-11T09:30:00-0400,2012-05-11T16:00:00-0400,False,2012,5,Friday,XNYS,America/New_York
2012-05-14,2012-05-14T13:30:00+0000,2012-05-14T20:00:00+0000,2012-05-14T09:30:00-0400,2012-05-14T16:00:00-0400,False,2012,5,Monday,XNYS,America/New_York
2012-05-15,2012-05-15T13:30:00+0000,2012-05-15T20:00:00+0000,2012-05-15T09:30:00-0400,2012-05-15T16:00:00-0400,False,2012,5,Tuesday,XNYS,America/New_York
2012-05-16,2012-05-16T13:30:00+0000,2012-05-16T20:00:00+0000,2012-05-16T09:30:00-0400,2012-05-16T16:00:00-0400,False,2012,5,Wednesday,XNYS,America/New_York
2012-05-17,2012-05-17T13:30:00+0000,2012-05-17T20:00:00+0000,2012-05-17T09:30:00-0400,2012-05-17T16:00:00-0400,False,2012,5,Thursday,XNYS,America/New_York
2012-05-18,2012-05-18T13:30:00+0000,2012-05-18T20:00:00+0000,2012-05-18T09:30:00-0400,2012-05-18T16:00:00-0400,False,2012,5,Friday,XNYS,America/New_York
2012-05-21,2012-05-21T13:30:00+0000,2012-05-21T20:00:00+0000,2012-05-21T09:30:00-0400,2012-05-21T16:00:00-0400,False,2012,5,Monday,XNYS,America/New_York
2012-05-22,2012-05-22T13:30:00+0000,2012-05-22T20:00:00+0000,2012-05-22T09:30:00-0400,2012-05-22T16:00:00-0400,False,2012,5,Tuesday,XNYS,America/New_York
2012-05-23,2012-05-23T13:30:00+0000,2012-05-23T20:00:00+0000,2012-05-23T09:30:00-0400,2012-05-23T16:00:00-0400,False,2012,5,Wednesday,XNYS,America/New_York
2012-05-24,2012-05-24T13:30:00+0000,2012-05-24T20:00:00+0000,2012-05-24T09:30:00-0400,2012-05-24T16:00:00-0400,False,2012,5,Thursday,XNYS,America/New_York
2012-05-25,2012-05-25T13:30:00+0000,2012-05-25T20:00:00+0000,2012-05-25T09:30:00-0400,2012-05-25T16:00:00-0400,False,2012,5,Friday,XNYS,America/New_York
2012-05-29,2012-05-29T13:30:00+0000,2012-05-29T20:00:00+0000,2012-05-29T09:30:00-0400,2012-05-29T16:00:00-0400,False,2012,5,Tuesday,XNYS,America/New_York
2012-05-30,2012-05-30T13:30:00+0000,2012-05-30T20:00:00+0000,2012-05-30T09:30:00-0400,2012-05-30T16:00:00-0400,False,2012,5,Wednesday,XNYS,America/New_York
2012-05-31,2012-05-31T13:30:00+0000,2012-05-31T20:00:00+0000,2012-05-31T09:30:00-0400,2012-05-31T16:00:00-0400,False,2012,5,Thursday,XNYS,America/New_York
2012-06-01,2012-06-01T13:30:00+0000,2012-06-01T20:00:00+0000,2012-06-01T09:30:00-0400,2012-06-01T16:00:00-0400,False,2012,6,Friday,XNYS,America/New_York
2012-06-04,2012-06-04T13:30:00+0000,2012-06-04T20:00:00+0000,2012-06-04T09:30:00-0400,2012-06-04T16:00:00-0400,False,2012,6,Monday,XNYS,America/New_York
2012-06-05,2012-06-05T13:30:00+0000,2012-06-05T20:00:00+0000,2012-06-05T09:30:00-0400,2012-06-05T16:00:00-0400,False,2012,6,Tuesday,XNYS,America/New_York
2012-06-06,2012-06-06T13:30:00+0000,2012-06-06T20:00:00+0000,2012-06-06T09:30:00-0400,2012-06-06T16:00:00-0400,False,2012,6,Wednesday,XNYS,America/New_York
2012-06-07,2012-06-07T13:30:00+0000,2012-06-07T20:00:00+0000,2012-06-07T09:30:00-0400,2012-06-07T16:00:00-0400,False,2012,6,Thursday,XNYS,America/New_York
2012-06-08,2012-06-08T13:30:00+0000,2012-06-08T20:00:00+0000,2012-06-08T09:30:00-0400,2012-06-08T16:00:00-0400,False,2012,6,Friday,XNYS,America/New_York
2012-06-11,2012-06-11T13:30:00+0000,2012-06-11T20:00:00+0000,2012-06-11T09:30:00-0400,2012-06-11T16:00:00-0400,False,2012,6,Monday,XNYS,America/New_York
2012-06-12,2012-06-12T13:30:00+0000,2012-06-12T20:00:00+0000,2012-06-12T09:30:00-0400,2012-06-12T16:00:00-0400,False,2012,6,Tuesday,XNYS,America/New_York
2012-06-13,2012-06-13T13:30:00+0000,2012-06-13T20:00:00+0000,2012-06-13T09:30:00-0400,2012-06-13T16:00:00-0400,False,2012,6,Wednesday,XNYS,America/New_York
2012-06-14,2012-06-14T13:30:00+0000,2012-06-14T20:00:00+0000,2012-06-14T09:30:00-0400,2012-06-14T16:00:00-0400,False,2012,6,Thursday,XNYS,America/New_York
2012-06-15,2012-06-15T13:30:00+0000,2012-06-15T20:00:00+0000,2012-06-15T09:30:00-0400,2012-06-15T16:00:00-0400,False,2012,6,Friday,XNYS,America/New_York
2012-06-18,2012-06-18T13:30:00+0000,2012-06-18T20:00:00+0000,2012-06-18T09:30:00-0400,2012-06-18T16:00:00-0400,False,2012,6,Monday,XNYS,America/New_York
2012-06-19,2012-06-19T13:30:00+0000,2012-06-19T20:00:00+0000,2012-06-19T09:30:00-0400,2012-06-19T16:00:00-0400,False,2012,6,Tuesday,XNYS,America/New_York
2012-06-20,2012-06-20T13:30:00+0000,2012-06-20T20:00:00+0000,2012-06-20T09:30:00-0400,2012-06-20T16:00:00-0400,False,2012,6,Wednesday,XNYS,America/New_York
2012-06-21,2012-06-21T13:30:00+0000,2012-06-21T20:00:00+0000,2012-06-21T09:30:00-0400,2012-06-21T16:00:00-0400,False,2012,6,Thursday,XNYS,America/New_York
2012-06-22,2012-06-22T13:30:00+0000,2012-06-22T20:00:00+0000,2012-06-22T09:30:00-0400,2012-06-22T16:00:00-0400,False,2012,6,Friday,XNYS,America/New_York
2012-06-25,2012-06-25T13:30:00+0000,2012-06-25T20:00:00+0000,2012-06-25T09:30:00-0400,2012-06-25T16:00:00-0400,False,2012,6,Monday,XNYS,America/New_York
2012-06-26,2012-06-26T13:30:00+0000,2012-06-26T20:00:00+0000,2012-06-26T09:30:00-0400,2012-06-26T16:00:00-0400,False,2012,6,Tuesday,XNYS,America/New_York
2012-06-27,2012-06-27T13:30:00+0000,2012-06-27T20:00:00+0000,2012-06-27T09:30:00-0400,2012-06-27T16:00:00-0400,False,2012,6,Wednesday,XNYS,America/New_York
2012-06-28,2012-06-28T13:30:00+0000,2012-06-28T20:00:00+0000,2012-06-28T09:30:00-0400,2012-06-28T16:00:00-0400,False,2012,6,Thursday,XNYS,America/New_York
2012-06-29,2012-06-29T13:30:00+0000,2012-06-29T20:00:00+0000,2012-06-29T09:30:00-0400,2012-06-29T16:00:00-0400,False,2012,6,Friday,XNYS,America/New_York
2012-07-02,2012-07-02T13:30:00+0000,2012-07-02T20:00:00+0000,2012-07-02T09:30:00-0400,2012-07-02T16:00:00-0400,False,2012,7,Monday,XNYS,America/New_York
2012-07-03,2012-07-03T13:30:00+0000,2012-07-03T17:00:00+0000,2012-07-03T09:30:00-0400,2012-07-03T13:00:00-0400,True,2012,7,Tuesday,XNYS,America/New_York
2012-07-05,2012-07-05T13:30:00+0000,2012-07-05T20:00:00+0000,2012-07-05T09:30:00-0400,2012-07-05T16:00:00-0400,False,2012,7,Thursday,XNYS,America/New_York
2012-07-06,2012-07-06T13:30:00+0000,2012-07-06T20:00:00+0000,2012-07-06T09:30:00-0400,2012-07-06T16:00:00-0400,False,2012,7,Friday,XNYS,America/New_York
2012-07-09,2012-07-09T13:30:00+0000,2012-07-09T20:00:00+0000,2012-07-09T09:30:00-0400,2012-07-09T16:00:00-0400,False,2012,7,Monday,XNYS,America/New_York
2012-07-10,2012-07-10T13:30:00+0000,2012-07-10T20:00:00+0000,2012-07-10T09:30:00-0400,2012-07-10T16:00:00-0400,False,2012,7,Tuesday,XNYS,America/New_York
2012-07-11,2012-07-11T13:30:00+0000,2012-07-11T20:00:00+0000,2012-07-11T09:30:00-0400,2012-07-11T16:00:00-0400,False,2012,7,Wednesday,XNYS,America/New_York
2012-07-12,2012-07-12T13:30:00+0000,2012-07-12T20:00:00+0000,2012-07-12T09:30:00-0400,2012-07-12T16:00:00-0400,False,2012,7,Thursday,XNYS,America/New_York
2012-07-13,2012-07-13T13:30:00+0000,2012-07-13T20:00:00+0000,2012-07-13T09:30:00-0400,2012-07-13T16:00:00-0400,False,2012,7,Friday,XNYS,America/New_York
2012-07-16,2012-07-16T13:30:00+0000,2012-07-16T20:00:00+0000,2012-07-16T09:30:00-0400,2012-07-16T16:00:00-0400,False,2012,7,Monday,XNYS,America/New_York
2012-07-17,2012-07-17T13:30:00+0000,2012-07-17T20:00:00+0000,2012-07-17T09:30:00-0400,2012-07-17T16:00:00-0400,False,2012,7,Tuesday,XNYS,America/New_York
2012-07-18,2012-07-18T13:30:00+0000,2012-07-18T20:00:00+0000,2012-07-18T09:30:00-0400,2012-07-18T16:00:00-0400,False,2012,7,Wednesday,XNYS,America/New_York
2012-07-19,2012-07-19T13:30:00+0000,2012-07-19T20:00:00+0000,2012-07-19T09:30:00-0400,2012-07-19T16:00:00-0400,False,2012,7,Thursday,XNYS,America/New_York
2012-07-20,2012-07-20T13:30:00+0000,2012-07-20T20:00:00+0000,2012-07-20T09:30:00-0400,2012-07-20T16:00:00-0400,False,2012,7,Friday,XNYS,America/New_York
2012-07-23,2012-07-23T13:30:00+0000,2012-07-23T20:00:00+0000,2012-07-23T09:30:00-0400,2012-07-23T16:00:00-0400,False,2012,7,Monday,XNYS,America/New_York
2012-07-24,2012-07-24T13:30:00+0000,2012-07-24T20:00:00+0000,2012-07-24T09:30:00-0400,2012-07-24T16:00:00-0400,False,2012,7,Tuesday,XNYS,America/New_York
2012-07-25,2012-07-25T13:30:00+0000,2012-07-25T20:00:00+0000,2012-07-25T09:30:00-0400,2012-07-25T16:00:00-0400,False,2012,7,Wednesday,XNYS,America/New_York
2012-07-26,2012-07-26T13:30:00+0000,2012-07-26T20:00:00+0000,2012-07-26T09:30:00-0400,2012-07-26T16:00:00-0400,False,2012,7,Thursday,XNYS,America/New_York
2012-07-27,2012-07-27T13:30:00+0000,2012-07-27T20:00:00+0000,2012-07-27T09:30:00-0400,2012-07-27T16:00:00-0400,False,2012,7,Friday,XNYS,America/New_York
2012-07-30,2012-07-30T13:30:00+0000,2012-07-30T20:00:00+0000,2012-07-30T09:30:00-0400,2012-07-30T16:00:00-0400,False,2012,7,Monday,XNYS,America/New_York
2012-07-31,2012-07-31T13:30:00+0000,2012-07-31T20:00:00+0000,2012-07-31T09:30:00-0400,2012-07-31T16:00:00-0400,False,2012,7,Tuesday,XNYS,America/New_York
2012-08-01,2012-08-01T13:30:00+0000,2012-08-01T20:00:00+0000,2012-08-01T09:30:00-0400,2012-08-01T16:00:00-0400,False,2012,8,Wednesday,XNYS,America/New_York
2012-08-02,2012-08-02T13:30:00+0000,2012-08-02T20:00:00+0000,2012-08-02T09:30:00-0400,2012-08-02T16:00:00-0400,False,2012,8,Thursday,XNYS,America/New_York
2012-08-03,2012-08-03T13:30:00+0000,2012-08-03T20:00:00+0000,2012-08-03T09:30:00-0400,2012-08-03T16:00:00-0400,False,2012,8,Friday,XNYS,America/New_York
2012-08-06,2012-08-06T13:30:00+0000,2012-08-06T20:00:00+0000,2012-08-06T09:30:00-0400,2012-08-06T16:00:00-0400,False,2012,8,Monday,XNYS,America/New_York
2012-08-07,2012-08-07T13:30:00+0000,2012-08-07T20:00:00+0000,2012-08-07T09:30:00-0400,2012-08-07T16:00:00-0400,False,2012,8,Tuesday,XNYS,America/New_York
2012-08-08,2012-08-08T13:30:00+0000,2012-08-08T20:00:00+0000,2012-08-08T09:30:00-0400,2012-08-08T16:00:00-0400,False,2012,8,Wednesday,XNYS,America/New_York
2012-08-09,2012-08-09T13:30:00+0000,2012-08-09T20:00:00+0000,2012-08-09T09:30:00-0400,2012-08-09T16:00:00-0400,False,2012,8,Thursday,XNYS,America/New_York
2012-08-10,2012-08-10T13:30:00+0000,2012-08-10T20:00:00+0000,2012-08-10T09:30:00-0400,2012-08-10T16:00:00-0400,False,2012,8,Friday,XNYS,America/New_York
2012-08-13,2012-08-13T13:30:00+0000,2012-08-13T20:00:00+0000,2012-08-13T09:30:00-0400,2012-08-13T16:00:00-0400,False,2012,8,Monday,XNYS,America/New_York
2012-08-14,2012-08-14T13:30:00+0000,2012-08-14T20:00:00+0000,2012-08-14T09:30:00-0400,2012-08-14T16:00:00-0400,False,2012,8,Tuesday,XNYS,America/New_York
2012-08-15,2012-08-15T13:30:00+0000,2012-08-15T20:00:00+0000,2012-08-15T09:30:00-0400,2012-08-15T16:00:00-0400,False,2012,8,Wednesday,XNYS,America/New_York
2012-08-16,2012-08-16T13:30:00+0000,2012-08-16T20:00:00+0000,2012-08-16T09:30:00-0400,2012-08-16T16:00:00-0400,False,2012,8,Thursday,XNYS,America/New_York
2012-08-17,2012-08-17T13:30:00+0000,2012-08-17T20:00:00+0000,2012-08-17T09:30:00-0400,2012-08-17T16:00:00-0400,False,2012,8,Friday,XNYS,America/New_York
2012-08-20,2012-08-20T13:30:00+0000,2012-08-20T20:00:00+0000,2012-08-20T09:30:00-0400,2012-08-20T16:00:00-0400,False,2012,8,Monday,XNYS,America/New_York
2012-08-21,2012-08-21T13:30:00+0000,2012-08-21T20:00:00+0000,2012-08-21T09:30:00-0400,2012-08-21T16:00:00-0400,False,2012,8,Tuesday,XNYS,America/New_York
2012-08-22,2012-08-22T13:30:00+0000,2012-08-22T20:00:00+0000,2012-08-22T09:30:00-0400,2012-08-22T16:00:00-0400,False,2012,8,Wednesday,XNYS,America/New_York
2012-08-23,2012-08-23T13:30:00+0000,2012-08-23T20:00:00+0000,2012-08-23T09:30:00-0400,2012-08-23T16:00:00-0400,False,2012,8,Thursday,XNYS,America/New_York
2012-08-24,2012-08-24T13:30:00+0000,2012-08-24T20:00:00+0000,2012-08-24T09:30:00-0400,2012-08-24T16:00:00-0400,False,2012,8,Friday,XNYS,America/New_York
2012-08-27,2012-08-27T13:30:00+0000,2012-08-27T20:00:00+0000,2012-08-27T09:30:00-0400,2012-08-27T16:00:00-0400,False,2012,8,Monday,XNYS,America/New_York
2012-08-28,2012-08-28T13:30:00+0000,2012-08-28T20:00:00+0000,2012-08-28T09:30:00-0400,2012-08-28T16:00:00-0400,False,2012,8,Tuesday,XNYS,America/New_York
2012-08-29,2012-08-29T13:30:00+0000,2012-08-29T20:00:00+0000,2012-08-29T09:30:00-0400,2012-08-29T16:00:00-0400,False,2012,8,Wednesday,XNYS,America/New_York
2012-08-30,2012-08-30T13:30:00+0000,2012-08-30T20:00:00+0000,2012-08-30T09:30:00-0400,2012-08-30T16:00:00-0400,False,2012,8,Thursday,XNYS,America/New_York
2012-08-31,2012-08-31T13:30:00+0000,2012-08-31T20:00:00+0000,2012-08-31T09:30:00-0400,2012-08-31T16:00:00-0400,False,2012,8,Friday,XNYS,America/New_York
2012-09-04,2012-09-04T13:30:00+0000,2012-09-04T20:00:00+0000,2012-09-04T09:30:00-0400,2012-09-04T16:00:00-0400,False,2012,9,Tuesday,XNYS,America/New_York
2012-09-05,2012-09-05T13:30:00+0000,2012-09-05T20:00:00+0000,2012-09-05T09:30:00-0400,2012-09-05T16:00:00-0400,False,2012,9,Wednesday,XNYS,America/New_York
2012-09-06,2012-09-06T13:30:00+0000,2012-09-06T20:00:00+0000,2012-09-06T09:30:00-0400,2012-09-06T16:00:00-0400,False,2012,9,Thursday,XNYS,America/New_York
2012-09-07,2012-09-07T13:30:00+0000,2012-09-07T20:00:00+0000,2012-09-07T09:30:00-0400,2012-09-07T16:00:00-0400,False,2012,9,Friday,XNYS,America/New_York
2012-09-10,2012-09-10T13:30:00+0000,2012-09-10T20:00:00+0000,2012-09-10T09:30:00-0400,2012-09-10T16:00:00-0400,False,2012,9,Monday,XNYS,America/New_York
2012-09-11,2012-09-11T13:30:00+0000,2012-09-11T20:00:00+0000,2012-09-11T09:30:00-0400,2012-09-11T16:00:00-0400,False,2012,9,Tuesday,XNYS,America/New_York
2012-09-12,2012-09-12T13:30:00+0000,2012-09-12T20:00:00+0000,2012-09-12T09:30:00-0400,2012-09-12T16:00:00-0400,False,2012,9,Wednesday,XNYS,America/New_York
2012-09-13,2012-09-13T13:30:00+0000,2012-09-13T20:00:00+0000,2012-09-13T09:30:00-0400,2012-09-13T16:00:00-0400,False,2012,9,Thursday,XNYS,America/New_York
2012-09-14,2012-09-14T13:30:00+0000,2012-09-14T20:00:00+0000,2012-09-14T09:30:00-0400,2012-09-14T16:00:00-0400,False,2012,9,Friday,XNYS,America/New_York
2012-09-17,2012-09-17T13:30:00+0000,2012-09-17T20:00:00+0000,2012-09-17T09:30:00-0400,2012-09-17T16:00:00-0400,False,2012,9,Monday,XNYS,America/New_York
2012-09-18,2012-09-18T13:30:00+0000,2012-09-18T20:00:00+0000,2012-09-18T09:30:00-0400,2012-09-18T16:00:00-0400,False,2012,9,Tuesday,XNYS,America/New_York
2012-09-19,2012-09-19T13:30:00+0000,2012-09-19T20:00:00+0000,2012-09-19T09:30:00-0400,2012-09-19T16:00:00-0400,False,2012,9,Wednesday,XNYS,America/New_York
2012-09-20,2012-09-20T13:30:00+0000,2012-09-20T20:00:00+0000,2012-09-20T09:30:00-0400,2012-09-20T16:00:00-0400,False,2012,9,Thursday,XNYS,America/New_York
2012-09-21,2012-09-21T13:30:00+0000,2012-09-21T20:00:00+0000,2012-09-21T09:30:00-0400,2012-09-21T16:00:00-0400,False,2012,9,Friday,XNYS,America/New_York
2012-09-24,2012-09-24T13:30:00+0000,2012-09-24T20:00:00+0000,2012-09-24T09:30:00-0400,2012-09-24T16:00:00-0400,False,2012,9,Monday,XNYS,America/New_York
2012-09-25,2012-09-25T13:30:00+0000,2012-09-25T20:00:00+0000,2012-09-25T09:30:00-0400,2012-09-25T16:00:00-0400,False,2012,9,Tuesday,XNYS,America/New_York
2012-09-26,2012-09-26T13:30:00+0000,2012-09-26T20:00:00+0000,2012-09-26T09:30:00-0400,2012-09-26T16:00:00-0400,False,2012,9,Wednesday,XNYS,America/New_York
2012-09-27,2012-09-27T13:30:00+0000,2012-09-27T20:00:00+0000,2012-09-27T09:30:00-0400,2012-09-27T16:00:00-0400,False,2012,9,Thursday,XNYS,America/New_York
2012-09-28,2012-09-28T13:30:00+0000,2012-09-28T20:00:00+0000,2012-09-28T09:30:00-0400,2012-09-28T16:00:00-0400,False,2012,9,Friday,XNYS,America/New_York
2012-10-01,2012-10-01T13:30:00+0000,2012-10-01T20:00:00+0000,2012-10-01T09:30:00-0400,2012-10-01T16:00:00-0400,False,2012,10,Monday,XNYS,America/New_York
2012-10-02,2012-10-02T13:30:00+0000,2012-10-02T20:00:00+0000,2012-10-02T09:30:00-0400,2012-10-02T16:00:00-0400,False,2012,10,Tuesday,XNYS,America/New_York
2012-10-03,2012-10-03T13:30:00+0000,2012-10-03T20:00:00+0000,2012-10-03T09:30:00-0400,2012-10-03T16:00:00-0400,False,2012,10,Wednesday,XNYS,America/New_York
2012-10-04,2012-10-04T13:30:00+0000,2012-10-04T20:00:00+0000,2012-10-04T09:30:00-0400,2012-10-04T16:00:00-0400,False,2012,10,Thursday,XNYS,America/New_York
2012-10-05,2012-10-05T13:30:00+0000,2012-10-05T20:00:00+0000,2012-10-05T09:30:00-0400,2012-10-05T16:00:00-0400,False,2012,10,Friday,XNYS,America/New_York
2012-10-08,2012-10-08T13:30:00+0000,2012-10-08T20:00:00+0000,2012-10-08T09:30:00-0400,2012-10-08T16:00:00-0400,False,2012,10,Monday,XNYS,America/New_York
2012-10-09,2012-10-09T13:30:00+0000,2012-10-09T20:00:00+0000,2012-10-09T09:30:00-0400,2012-10-09T16:00:00-0400,False,2012,10,Tuesday,XNYS,America/New_York
2012-10-10,2012-10-10T13:30:00+0000,2012-10-10T20:00:00+0000,2012-10-10T09:30:00-0400,2012-10-10T16:00:00-0400,False,2012,10,Wednesday,XNYS,America/New_York
2012-10-11,2012-10-11T13:30:00+0000,2012-10-11T20:00:00+0000,2012-10-11T09:30:00-0400,2012-10-11T16:00:00-0400,False,2012,10,Thursday,XNYS,America/New_York
2012-10-12,2012-10-12T13:30:00+0000,2012-10-12T20:00:00+0000,2012-10-12T09:30:00-0400,2012-10-12T16:00:00-0400,False,2012,10,Friday,XNYS,America/New_York
2012-10-15,2012-10-15T13:30:00+0000,2012-10-15T20:00:00+0000,2012-10-15T09:30:00-0400,2012-10-15T16:00:00-0400,False,2012,10,Monday,XNYS,America/New_York
2012-10-16,2012-10-16T13:30:00+0000,2012-10-16T20:00:00+0000,2012-10-16T09:30:00-0400,2012-10-16T16:00:00-0400,False,2012,10,Tuesday,XNYS,America/New_York
2012-10-17,2012-10-17T13:30:00+0000,2012-10-17T20:00:00+0000,2012-10-17T09:30:00-0400,2012-10-17T16:00:00-0400,False,2012,10,Wednesday,XNYS,America/New_York
2012-10-18,2012-10-18T13:30:00+0000,2012-10-18T20:00:00+0000,2012-10-18T09:30:00-0400,2012-10-18T16:00:00-0400,False,2012,10,Thursday,XNYS,America/New_York
2012-10-19,2012-10-19T13:30:00+0000,2012-10-19T20:00:00+0000,2012-10-19T09:30:00-0400,2012-10-19T16:00:00-0400,False,2012,10,Friday,XNYS,America/New_York
2012-10-22,2012-10-22T13:30:00+0000,2012-10-22T20:00:00+0000,2012-10-22T09:30:00-0400,2012-10-22T16:00:00-0400,False,2012,10,Monday,XNYS,America/New_York
2012-10-23,2012-10-23T13:30:00+0000,2012-10-23T20:00:00+0000,2012-10-23T09:30:00-0400,2012-10-23T16:00:00-0400,False,2012,10,Tuesday,XNYS,America/New_York
2012-10-24,2012-10-24T13:30:00+0000,2012-10-24T20:00:00+0000,2012-10-24T09:30:00-0400,2012-10-24T16:00:00-0400,False,2012,10,Wednesday,XNYS,America/New_York
2012-10-25,2012-10-25T13:30:00+0000,2012-10-25T20:00:00+0000,2012-10-25T09:30:00-0400,2012-10-25T16:00:00-0400,False,2012,10,Thursday,XNYS,America/New_York
2012-10-26,2012-10-26T13:30:00+0000,2012-10-26T20:00:00+0000,2012-10-26T09:30:00-0400,2012-10-26T16:00:00-0400,False,2012,10,Friday,XNYS,America/New_York
2012-10-31,2012-10-31T13:30:00+0000,2012-10-31T20:00:00+0000,2012-10-31T09:30:00-0400,2012-10-31T16:00:00-0400,False,2012,10,Wednesday,XNYS,America/New_York
2012-11-01,2012-11-01T13:30:00+0000,2012-11-01T20:00:00+0000,2012-11-01T09:30:00-0400,2012-11-01T16:00:00-0400,False,2012,11,Thursday,XNYS,America/New_York
2012-11-02,2012-11-02T13:30:00+0000,2012-11-02T20:00:00+0000,2012-11-02T09:30:00-0400,2012-11-02T16:00:00-0400,False,2012,11,Friday,XNYS,America/New_York
2012-11-05,2012-11-05T14:30:00+0000,2012-11-05T21:00:00+0000,2012-11-05T09:30:00-0500,2012-11-05T16:00:00-0500,False,2012,11,Monday,XNYS,America/New_York
2012-11-06,2012-11-06T14:30:00+0000,2012-11-06T21:00:00+0000,2012-11-06T09:30:00-0500,2012-11-06T16:00:00-0500,False,2012,11,Tuesday,XNYS,America/New_York
2012-11-07,2012-11-07T14:30:00+0000,2012-11-07T21:00:00+0000,2012-11-07T09:30:00-0500,2012-11-07T16:00:00-0500,False,2012,11,Wednesday,XNYS,America/New_York
2012-11-08,2012-11-08T14:30:00+0000,2012-11-08T21:00:00+0000,2012-11-08T09:30:00-0500,2012-11-08T16:00:00-0500,False,2012,11,Thursday,XNYS,America/New_York
2012-11-09,2012-11-09T14:30:00+0000,2012-11-09T21:00:00+0000,2012-11-09T09:30:00-0500,2012-11-09T16:00:00-0500,False,2012,11,Friday,XNYS,America/New_York
2012-11-12,2012-11-12T14:30:00+0000,2012-11-12T21:00:00+0000,2012-11-12T09:30:00-0500,2012-11-12T16:00:00-0500,False,2012,11,Monday,XNYS,America/New_York
2012-11-13,2012-11-13T14:30:00+0000,2012-11-13T21:00:00+0000,2012-11-13T09:30:00-0500,2012-11-13T16:00:00-0500,False,2012,11,Tuesday,XNYS,America/New_York
2012-11-14,2012-11-14T14:30:00+0000,2012-11-14T21:00:00+0000,2012-11-14T09:30:00-0500,2012-11-14T16:00:00-0500,False,2012,11,Wednesday,XNYS,America/New_York
2012-11-15,2012-11-15T14:30:00+0000,2012-11-15T21:00:00+0000,2012-11-15T09:30:00-0500,2012-11-15T16:00:00-0500,False,2012,11,Thursday,XNYS,America/New_York
2012-11-16,2012-11-16T14:30:00+0000,2012-11-16T21:00:00+0000,2012-11-16T09:30:00-0500,2012-11-16T16:00:00-0500,False,2012,11,Friday,XNYS,America/New_York
2012-11-19,2012-11-19T14:30:00+0000,2012-11-19T21:00:00+0000,2012-11-19T09:30:00-0500,2012-11-19T16:00:00-0500,False,2012,11,Monday,XNYS,America/New_York
2012-11-20,2012-11-20T14:30:00+0000,2012-11-20T21:00:00+0000,2012-11-20T09:30:00-0500,2012-11-20T16:00:00-0500,False,2012,11,Tuesday,XNYS,America/New_York
2012-11-21,2012-11-21T14:30:00+0000,2012-11-21T21:00:00+0000,2012-11-21T09:30:00-0500,2012-11-21T16:00:00-0500,False,2012,11,Wednesday,XNYS,America/New_York
2012-11-23,2012-11-23T14:30:00+0000,2012-11-23T18:00:00+0000,2012-11-23T09:30:00-0500,2012-11-23T13:00:00-0500,True,2012,11,Friday,XNYS,America/New_York
2012-11-26,2012-11-26T14:30:00+0000,2012-11-26T21:00:00+0000,2012-11-26T09:30:00-0500,2012-11-26T16:00:00-0500,False,2012,11,Monday,XNYS,America/New_York
2012-11-27,2012-11-27T14:30:00+0000,2012-11-27T21:00:00+0000,2012-11-27T09:30:00-0500,2012-11-27T16:00:00-0500,False,2012,11,Tuesday,XNYS,America/New_York
2012-11-28,2012-11-28T14:30:00+0000,2012-11-28T21:00:00+0000,2012-11-28T09:30:00-0500,2012-11-28T16:00:00-0500,False,2012,11,Wednesday,XNYS,America/New_York
2012-11-29,2012-11-29T14:30:00+0000,2012-11-29T21:00:00+0000,2012-11-29T09:30:00-0500,2012-11-29T16:00:00-0500,False,2012,11,Thursday,XNYS,America/New_York
2012-11-30,2012-11-30T14:30:00+0000,2012-11-30T21:00:00+0000,2012-11-30T09:30:00-0500,2012-11-30T16:00:00-0500,False,2012,11,Friday,XNYS,America/New_York
2012-12-03,2012-12-03T14:30:00+0000,2012-12-03T21:00:00+0000,2012-12-03T09:30:00-0500,2012-12-03T16:00:00-0500,False,2012,12,Monday,XNYS,America/New_York
2012-12-04,2012-12-04T14:30:00+0000,2012-12-04T21:00:00+0000,2012-12-04T09:30:00-0500,2012-12-04T16:00:00-0500,False,2012,12,Tuesday,XNYS,America/New_York
2012-12-05,2012-12-05T14:30:00+0000,2012-12-05T21:00:00+0000,2012-12-05T09:30:00-0500,2012-12-05T16:00:00-0500,False,2012,12,Wednesday,XNYS,America/New_York
2012-12-06,2012-12-06T14:30:00+0000,2012-12-06T21:00:00+0000,2012-12-06T09:30:00-0500,2012-12-06T16:00:00-0500,False,2012,12,Thursday,XNYS,America/New_York
2012-12-07,2012-12-07T14:30:00+0000,2012-12-07T21:00:00+0000,2012-12-07T09:30:00-0500,2012-12-07T16:00:00-0500,False,2012,12,Friday,XNYS,America/New_York
2012-12-10,2012-12-10T14:30:00+0000,2012-12-10T21:00:00+0000,2012-12-10T09:30:00-0500,2012-12-10T16:00:00-0500,False,2012,12,Monday,XNYS,America/New_York
2012-12-11,2012-12-11T14:30:00+0000,2012-12-11T21:00:00+0000,2012-12-11T09:30:00-0500,2012-12-11T16:00:00-0500,False,2012,12,Tuesday,XNYS,America/New_York
2012-12-12,2012-12-12T14:30:00+0000,2012-12-12T21:00:00+0000,2012-12-12T09:30:00-0500,2012-12-12T16:00:00-0500,False,2012,12,Wednesday,XNYS,America/New_York
2012-12-13,2012-12-13T14:30:00+0000,2012-12-13T21:00:00+0000,2012-12-13T09:30:00-0500,2012-12-13T16:00:00-0500,False,2012,12,Thursday,XNYS,America/New_York
2012-12-14,2012-12-14T14:30:00+0000,2012-12-14T21:00:00+0000,2012-12-14T09:30:00-0500,2012-12-14T16:00:00-0500,False,2012,12,Friday,XNYS,America/New_York
2012-12-17,2012-12-17T14:30:00+0000,2012-12-17T21:00:00+0000,2012-12-17T09:30:00-0500,2012-12-17T16:00:00-0500,False,2012,12,Monday,XNYS,America/New_York
2012-12-18,2012-12-18T14:30:00+0000,2012-12-18T21:00:00+0000,2012-12-18T09:30:00-0500,2012-12-18T16:00:00-0500,False,2012,12,Tuesday,XNYS,America/New_York
2012-12-19,2012-12-19T14:30:00+0000,2012-12-19T21:00:00+0000,2012-12-19T09:30:00-0500,2012-12-19T16:00:00-0500,False,2012,12,Wednesday,XNYS,America/New_York
2012-12-20,2012-12-20T14:30:00+0000,2012-12-20T21:00:00+0000,2012-12-20T09:30:00-0500,2012-12-20T16:00:00-0500,False,2012,12,Thursday,XNYS,America/New_York
2012-12-21,2012-12-21T14:30:00+0000,2012-12-21T21:00:00+0000,2012-12-21T09:30:00-0500,2012-12-21T16:00:00-0500,False,2012,12,Friday,XNYS,America/New_York
2012-12-24,2012-12-24T14:30:00+0000,2012-12-24T18:00:00+0000,2012-12-24T09:30:00-0500,2012-12-24T13:00:00-0500,True,2012,12,Monday,XNYS,America/New_York
2012-12-26,2012-12-26T14:30:00+0000,2012-12-26T21:00:00+0000,2012-12-26T09:30:00-0500,2012-12-26T16:00:00-0500,False,2012,12,Wednesday,XNYS,America/New_York
2012-12-27,2012-12-27T14:30:00+0000,2012-12-27T21:00:00+0000,2012-12-27T09:30:00-0500,2012-12-27T16:00:00-0500,False,2012,12,Thursday,XNYS,America/New_York
2012-12-28,2012-12-28T14:30:00+0000,2012-12-28T21:00:00+0000,2012-12-28T09:30:00-0500,2012-12-28T16:00:00-0500,False,2012,12,Friday,XNYS,America/New_York
2012-12-31,2012-12-31T14:30:00+0000,2012-12-31T21:00:00+0000,2012-12-31T09:30:00-0500,2012-12-31T16:00:00-0500,False,2012,12,Monday,XNYS,America/New_York
