ticker,cik,list_date,delist_date,evidence_count,source_count,source_doc_types
AABA,1011006,2017-06-16,2019-10-02,3,2,Exchange Notice|Form 8-K
AACI,2092897,2026-02-17,,1,1,8-A12B
AAT,1500217,2011-01-11,,1,1,8-A12B
ABAT,1576873,2013-10-17,,1,1,8-A12G
ABCL,1703057,2020-12-08,,1,1,8-A12B
ABEO,318306,2014-11-04,2019-12-20,2,1,25-NSE|8-A12B
ABLV,1957489,2023-08-17,,1,1,8-A12B
ABOS,1576885,2021-06-28,,1,1,8-A12B
ABP,1893219,2022-01-13,2024-11-12,2,1,25-NSE|8-A12B
ABR,1253986,2013-02-01,2021-06-24,2,1,25-NSE|8-A12B
ABSI,1672688,2021-07-21,,1,1,8-A12B
ABVC,1173313,2021-08-02,,1,1,8-A12B
ABVE,1979484,2024-06-28,,1,1,8-A12B
ACB,1683541,2018-12-26,2021-05-24,2,1,25|8-A12B
ACCL,2038378,2025-10-10,,1,1,8-A12B
ACDC,1881487,2022-05-10,2023-11-07,2,1,25-NSE|8-A12B
ACEL,1698991,2017-06-26,2020-08-07,2,1,25-NSE|8-A12B
ACET,1720580,2018-01-22,,1,1,8-A12B
ACIC,1401521,2012-12-10,,1,1,8-A12B
ACIU,1651625,2016-09-23,,1,1,8-A12B
ACON,1635077,2022-04-20,2024-08-13,2,1,253G3|8-A12B
ACRE,1529377,2012-04-18,,1,1,8-A12B
ACRS,1557746,2015-10-02,,1,1,8-A12B
ACRV,1781174,2022-11-07,,1,1,8-A12B
ACTG,934549,2016-03-24,,1,1,8-A12B
ACTU,1652935,2024-06-20,,1,1,8-A12B
ACVA,1637873,2021-03-19,2025-03-14,2,1,25|8-A12B
ACXP,1736243,2021-06-23,,1,1,8-A12B
ADAM,1273685,2008-06-03,2021-12-17,2,1,25-NSE|8-A12B
ADCT,1771910,2019-09-30,,1,1,8-A12B
ADGM,2006986,2024-08-01,,1,1,8-A12B
ADIL,1513525,2017-12-11,2023-07-27,2,1,25-NSE|8-A12B
ADNT,1670541,2016-04-27,,1,1,10-12B
ADV,1776661,2019-07-17,2025-10-29,2,1,25-NSE|8-A12B
ADVB,1941029,2025-03-05,,1,1,8-A12B
AEBI,2048519,2025-05-21,,1,1,8-A12B
AEHL,1470683,2010-11-02,2012-11-16,2,1,25-NSE|8-A12B
AEI,1750106,2020-11-23,,1,1,8-A12B
AEMD,882291,2015-07-08,,1,1,8-A12B
AENT,1823584,2021-02-05,2023-03-17,2,1,25-NSE|8-A12B
AERT,1853044,2021-10-18,2023-11-07,2,1,25-NSE|8-A12B
AESI,1984060,2025-08-04,,1,1,8-A12B
AEVA,1789029,2020-01-29,2025-01-27,2,1,25|8-A12B
AEXA,2079173,2025-09-25,,1,1,8-A12B
AFYA,1771007,2019-07-17,,1,1,8-A12B
AGAE,1708341,2017-10-02,2019-09-23,2,1,25-NSE|8-A12B
AGCC,2060016,2025-10-03,,1,1,8-A12B
AGH,2009312,2025-02-05,,1,1,8-A12B
AGL,1831097,2021-04-14,,1,1,8-A12B
AGM,845877,2019-05-13,2024-07-18,2,1,25-NSE|8-A12B
AGMH,1705402,2017-11-29,,1,1,8-A12B
AGRO,1499505,2011-01-24,,1,1,8-A12B
AHCO,1725255,2018-02-15,2020-01-21,2,1,25-NSE|8-A12B
AHH,1569187,2013-05-03,,1,1,8-A12B
AHMA,2010959,2025-10-17,,1,1,8-A12B
AIEV,1912582,2022-06-15,2025-07-21,2,1,25-NSE|8-A12B
AIFF,803578,2021-11-19,,1,1,8-A12B
AIHS,1711012,2018-03-15,,1,1,8-A12B
AII,2007587,2025-05-07,,1,1,8-A12B
AIIO,1932737,2022-11-14,,1,1,8-A12B
AIMD,1014763,1996-05-30,,1,1,8-A12G
AIP,1667011,2021-10-22,,1,1,8-A12B
AIRJ,1855474,2021-12-09,2024-03-14,2,1,25-NSE|8-A12B
AIRO,1927958,2025-04-15,,1,1,8-A12B
AIRS,1870940,2021-10-27,,1,1,8-A12B
AIRT,353184,2012-03-26,2021-08-30,2,1,25-NSE|8-A12B
AISP,1842566,2021-03-16,2023-12-21,2,1,25-NSE|8-A12B
AIV,922864,2014-05-14,2019-05-17,2,1,25-NSE|8-A12B
AKAN,1888014,2022-03-11,,1,1,8-A12B
AKBA,1517022,2014-03-12,,1,1,8-A12B
AKTS,2035832,2026-01-07,,1,1,8-A12B
ALBT,1630212,2016-10-28,,1,1,8-A12G
ALDX,1341235,2014-03-04,,1,1,8-A12B
ALEC,1653087,2019-01-31,,1,1,8-A12B
ALEX,1545654,2012-04-02,2017-11-09,2,1,10-12B|25-NSE
ALF,2010930,2024-06-10,,1,1,8-A12B
ALGS,1799448,2020-10-13,,1,1,8-A12B
ALIT,1809104,2020-05-26,2021-07-06,2,1,25-NSE|8-A12B
ALLO,1737287,2018-10-05,,1,1,8-A12B
ALLR,1860657,2021-12-13,,1,1,8-A12B
ALLT,1365767,2006-11-03,,1,1,8-A12B
ALM,1670061,2025-07-07,,1,1,8-A12B
ALMS,1847367,2024-06-25,,1,1,8-A12B
ALT,1326190,2015-11-25,2017-05-05,2,1,25|8-A12B
ALTG,1759824,2019-04-05,2021-04-12,2,1,25-NSE|8-A12B
ALTI,1838615,2021-02-23,2023-06-23,2,1,25-NSE|8-A12B
ALUR,1964979,2023-08-01,,1,1,8-A12B
ALXO,1810182,2020-07-13,,1,1,8-A12B
ALZN,1677077,2021-06-11,,1,1,8-A12B
AMBQ,1500412,2025-07-25,,1,1,8-A12B
AMC,1411579,2022-08-04,2023-08-25,2,1,25-NSE|8-A12B
AMCI,1937891,2022-12-16,2025-12-09,2,1,25-NSE|8-A12B
AMIX,1617867,2024-01-26,2024-01-26,2,1,253G2|8-A12B
AMLX,1658551,2022-01-04,,1,1,8-A12B
AMOD,1862463,2021-09-01,2024-12-13,2,1,25-NSE|8-A12B
AMPG,1518461,2021-02-16,2026-02-18,2,1,25-NSE|8-A12B
AMPH,1297184,2014-06-18,,1,1,8-A12B
AMPL,1866692,2021-09-17,,1,1,8-A12B
AMPX,1899287,2022-03-01,2022-09-15,2,1,25-NSE|8-A12B
AMPY,1533924,2012-04-17,2017-05-05,2,1,25|8-A12B
AMSF,1018979,1996-09-30,,1,1,8-A12B
AMST,1807166,2020-09-23,,1,1,8-A12B
AMTB,1734342,2018-06-15,2023-08-28,2,1,10-12B|25
AMTX,738214,2014-06-03,,1,1,8-A12B
ANAB,1370053,2017-01-17,,1,1,8-A12B
ANEB,1815974,2021-05-05,2026-02-17,2,1,25|8-A12B
ANGH,1871983,2022-02-03,,1,1,8-A12B
ANGI,1705110,2017-09-28,,1,1,8-A12B
ANGX,1865200,2021-12-09,2024-04-08,2,1,25-NSE|8-A12B
ANIK,898437,2008-04-07,,1,1,8-A12B
ANIX,715446,2015-07-09,,1,1,8-A12B
ANNX,1528115,2020-07-21,,1,1,8-A12B
ANPA,2031688,2025-06-30,,1,1,8-A12B
ANRO,1999480,2024-01-30,,1,1,8-A12B
ANSC,1854149,2023-11-08,,1,1,8-A12B
ANTA,2044255,2025-05-08,,1,1,8-A12B
ANTX,1880438,2022-03-22,,1,1,8-A12B
ANVS,1477845,2020-01-28,2021-11-26,2,1,25|8-A12B
ANY,1591956,2014-07-07,,1,1,8-A12B
AOSL,1387467,2010-04-22,,1,1,8-A12B
AOUT,1808997,2020-07-02,,1,1,10-12B
AP,6176,2020-09-21,2025-08-01,2,1,25-NSE|8-A12B
APAC,2043630,2025-09-26,,1,1,8-A12B
APC,2080921,2026-02-11,,1,1,8-A12B
APCX,1070050,2019-12-10,2025-07-21,2,1,10-12B|25-NSE
APLM,1944885,2023-03-28,,1,1,8-A12B
APM,1734005,2018-12-14,,1,1,8-A12B
APPS,317788,2013-06-06,,1,1,8-A12B
APRE,1781983,2019-09-30,,1,1,8-A12B
APVO,1671584,2016-04-15,,1,1,10-12B
APWC,1026980,2011-04-15,,1,1,8-A12B
APXT,2079253,2025-10-27,,1,1,8-A12B
APYX,719135,2003-11-03,2018-12-31,2,1,25|8-A12B
AQB,1603978,2014-04-25,,1,1,10-12B
AQMS,1621832,2015-07-24,,1,1,8-A12B
AQST,1398733,2018-07-20,,1,1,8-A12B
ARAI,1818274,2025-05-12,,1,1,8-A12B
ARBB,1930179,2023-03-24,,1,1,8-A12B
ARBE,1861841,2021-10-06,,1,1,8-A12B
ARCI,2083910,2026-01-22,,1,1,8-A12B
ARCO,1508478,2011-04-07,,1,1,8-A12B
AREB,1648087,2016-12-23,2024-03-14,2,1,253G2|8-A12G
AREC,1590715,2015-06-23,,1,1,8-A12G
ARHS,1875444,2021-11-02,,1,1,8-A12B
ARI,1467760,2009-09-10,2019-06-10,2,1,25-NSE|8-A12B
ARIS,1964504,2026-02-18,2026-02-20,2,1,25|8-A12B
ARKO,1823794,2020-12-22,2025-12-19,2,1,25-NSE|8-A12B
ARL,1102238,2000-02-03,,1,1,8-A12B
ARQ,1515156,2015-02-03,2015-03-20,2,1,25-NSE|8-A12G
ARQQ,1859690,2021-09-01,,1,1,8-A12B
ARR,1428205,2020-01-28,2020-02-27,2,1,25-NSE|8-A12B
ARRY,1820721,2020-10-13,,1,1,8-A12B
ARTL,1621221,2019-06-21,2024-06-17,2,1,25-NSE|8-A12B
ARTV,1817241,2024-07-16,,1,1,8-A12B
ARVN,1655759,2018-09-21,,1,1,8-A12B
ASBP,1847345,2022-02-17,2025-02-19,2,1,25-NSE|8-A12B
ASC,1577437,2013-07-29,,1,1,8-A12B
ASIC,2040491,2025-06-11,,1,1,8-A12B
ASIX,1673985,2016-05-12,,1,1,10-12B
ASLE,1754170,2019-02-06,2021-12-30,2,1,25-NSE/A|8-A12B
ASMB,1426800,2010-11-16,,1,1,8-A12G
ASNS,1141284,2022-05-04,,1,1,8-A12B
ASPI,1921865,2022-11-09,,1,1,8-A12B
ASPN,1145986,2014-06-06,,1,1,8-A12B
ASPU,1487198,2013-11-22,2023-03-23,2,1,25|8-A12G
ASST,1920406,2023-02-02,,1,1,8-A12B
ASTC,1001907,2009-07-31,,1,1,8-A12B
ASTL,1860805,2021-10-18,,1,1,8-A12B
ASUR,884144,2005-12-19,,1,1,8-A12G
ASYS,720500,1999-06-08,,1,1,8-A12G
ATAI,1840904,2021-06-14,,1,1,8-A12B
ATCX,1684688,2026-01-06,,1,1,8-A12B
ATEN,1580808,2014-03-11,,1,1,8-A12B
ATER,1757715,2019-06-11,,1,1,8-A12B
ATEX,1304492,2015-01-30,,1,1,8-A12B
ATGL,1967621,2023-10-23,,1,1,8-A12B
ATHR,2026353,2025-04-09,,1,1,8-A12B
ATLC,1464343,2021-06-11,,1,1,8-A12B
ATLX,1540684,2022-11-08,,1,1,8-A12B
ATOM,1420520,2016-08-02,,1,1,8-A12B
ATON,1095435,2021-02-18,,1,1,8-A12B
ATOS,1488039,2012-07-24,,1,1,8-A12B
ATPC,1713210,2023-10-10,,1,1,8-A12B
ATXG,1650101,2022-08-10,,1,1,8-A12B
ATXI,1644963,2017-06-14,2025-07-18,2,1,25-NSE|8-A12B
ATYR,1339970,2015-05-06,,1,1,8-A12B
AUNA,1799207,2024-03-20,,1,1,8-A12B
AURA,1501796,2021-10-26,,1,1,8-A12B
AURE,1765850,2023-06-29,,1,1,8-A12B
AUUD,1554818,2021-02-16,2026-02-18,2,1,25-NSE|8-A12B
AVAH,1832332,2021-04-26,,1,1,8-A12B
AVBC,2058758,2025-07-31,,1,1,8-A12B
AVBP,1868279,2024-01-23,,1,1,8-A12B
AVIR,1593899,2020-10-26,,1,1,8-A12B
AVNS,1606498,2014-05-06,,1,1,10-12B
AVO,1802974,2020-09-24,,1,1,8-A12B
AVR,2011514,2024-12-10,,1,1,8-A12B
AVX,1826397,2021-07-02,2024-07-16,2,1,25-NSE|8-A12B
AVXL,1314052,2005-12-06,,1,1,8-A12G
AXG,1959224,2023-08-09,,1,1,8-A12B
AXGN,805928,2013-08-06,,1,1,8-A12B
AXTI,1051627,1998-04-24,,1,1,8-A12G
AYTU,1385818,2008-03-04,,1,1,8-A12G
AZI,1959726,2024-08-20,,1,1,8-A12B
BACK,1729944,2019-02-04,2025-07-21,2,1,25-NSE|8-A12B
BACQ,2028707,2024-10-31,,1,1,8-A12B
BAER,1941536,2023-01-24,,1,1,8-A12B
BALY,1747079,2019-03-27,,1,1,8-A12B
BAND,1514416,2017-11-08,,1,1,8-A12B
BANL,1914805,2023-03-22,,1,1,8-A12B
BAOS,1811216,2021-02-01,,1,1,8-A12B
BARK,1819574,2020-11-10,2025-12-19,2,1,25-NSE|8-A12B
BBBY,1130713,2023-10-25,2023-11-03,2,1,25|8-A12B
BBCP,1703956,2017-07-25,2019-02-26,2,1,25-NSE|8-A12B
BBDC,1379785,2010-12-27,2018-08-30,2,1,25-NSE|8-A12B
BBLG,1419554,2021-10-08,,1,1,8-A12B
BBNX,1674632,2025-01-27,,1,1,8-A12B
BBOT,1869105,2024-02-08,,1,1,8-A12B
BCAB,1826892,2020-12-09,,1,1,8-A12B
BCAX,2023658,2024-09-10,,1,1,8-A12B
BCDA,925741,2019-07-23,2024-08-02,2,1,25-NSE|8-A12B
BCG,1953984,2024-03-26,,1,1,8-A12B
BCLI,1137883,2011-04-26,2025-10-09,2,1,25-NSE|8-A12G
BCSF,1655050,2018-11-14,,1,1,8-A12B
BCTX,1610820,2021-02-23,2026-02-26,2,1,25-NSE|8-A12B
BDMD,1982444,2024-10-01,,1,1,8-A12B
BDN,790816,2012-04-06,2017-04-11,2,1,25-NSE|8-A12B
BDSX,1439725,2020-10-26,,1,1,8-A12B
BDTX,1701541,2020-01-27,,1,1,8-A12B
BEAT,1779372,2021-11-10,,1,1,8-A12B
BEEM,1398805,2008-04-29,2024-04-17,2,1,25-NSE|8-A12G
BELFB,729580,1998-07-07,,1,1,8-A12G
BENF,1775734,2023-06-07,,1,1,8-A12B
BETR,1835856,2021-03-01,2023-08-23,2,1,25-NSE|8-A12B
BFLY,1804176,2020-05-18,2026-02-02,2,1,25-NSE|8-A12B
BFRG,1829247,2023-01-23,,1,1,8-A12B
BFRI,1858685,2021-10-20,,1,1,8-A12B
BGIN,1945565,2025-10-20,,1,1,8-A12B
BGLC,1737523,2023-07-19,,1,1,8-A12B
BGS,1278027,2007-05-16,2011-02-14,2,1,25-NSE|8-A12B
BGSF,1474903,2014-10-22,2019-11-21,2,1,25|8-A12B
BHAT,1759136,2019-07-24,,1,1,8-A12B
BHR,1574085,2018-11-20,,1,1,8-A12B
BHVN,1935979,2022-08-10,,1,1,10-12B
BIAF,1712762,2022-08-02,,1,1,8-A12B
BINI,1499961,2024-05-06,2026-01-08,2,1,25-NSE|8-A12B
BIOA,1709941,2024-09-18,,1,1,8-A12B
BIOX,1769484,2021-04-26,2021-04-26,2,1,25|8-A12B
BIVI,1580149,2014-10-14,,1,1,8-A12G
BIYA,1944712,2025-03-06,,1,1,8-A12B
BJDX,1704287,2021-11-05,,1,1,8-A12B
BKKT,1820302,2020-09-22,2025-11-04,2,1,25-NSE|8-A12B
BKSY,1753539,2019-10-29,2021-09-10,2,1,25-NSE|8-A12B
BKYI,1019034,2017-07-21,,1,1,8-A12B
BLBD,1589526,2014-01-15,2015-08-27,2,1,25-NSE|8-A12B
BLBX,1567900,2021-11-09,,1,1,8-A12B
BLFY,1846017,2021-07-15,,1,1,8-A12B
BLIN,1378590,2007-06-28,,1,1,8-A12B
BLIV,1982448,2025-03-24,,1,1,8-A12B
BLND,1855747,2021-07-13,,1,1,8-A12B
BLNE,1534708,2013-05-22,2018-09-20,2,1,25-NSE|8-A12G
BLNK,1429764,2018-02-07,2023-02-16,2,1,25-NSE|8-A12B
BLUW,2050501,2025-06-09,,1,1,8-A12B
BLZE,1462056,2021-11-04,,1,1,8-A12B
BMBL,1830043,2021-02-11,,1,1,8-A12B
BMEA,1840439,2021-04-14,,1,1,8-A12B
BMGL,2004489,2025-02-14,,1,1,8-A12B
BMR,1899005,2022-10-04,,1,1,8-A12B
BMRA,73290,2016-08-23,,1,1,8-A12B
BNAI,1838163,2021-03-01,2024-03-15,2,1,25-NSE|8-A12B
BNBX,744452,2014-11-13,2019-11-18,2,1,25-NSE|8-A12B
BNC,1482541,2011-02-28,,1,1,8-A12G
BNED,1634117,2015-07-13,2024-07-05,2,1,25-NSE|8-A12B
BNGO,1411690,2018-07-31,2023-08-17,2,1,25-NSE|8-A12B
BNKK,1760903,2020-09-28,2025-11-03,2,1,25-NSE|8-A12B
BNRG,1901215,2022-05-17,,1,1,8-A12B
BNZI,1826011,2020-12-22,2023-12-15,2,1,25-NSE|8-A12B
BODI,1826889,2020-11-23,2025-09-02,2,1,25|8-A12B
BOF,1962481,2023-06-15,,1,1,8-A12B
BOLD,1782303,2024-03-22,,1,1,8-A12B
BON,1816815,2021-06-21,,1,1,8-A12B
BOOM,34067,2024-06-06,,1,1,8-A12B
BORR,1715497,2019-07-29,,1,1,8-A12B
BOSC,1005516,2006-12-18,,1,1,8-A12B
BOW,2002473,2024-05-23,,1,1,8-A12B
BOXL,1624512,2015-09-22,,1,1,8-A12B
BPAC,2064177,2025-11-10,,1,1,8-A12B
BPTH,1133818,2008-09-10,2025-07-11,2,1,25-NSE|8-A12G
BRCB,2068577,2025-09-12,,1,1,8-A12B
BRCC,1891101,2022-02-09,2022-05-04,2,1,25-NSE|8-A12B
BRFH,1487197,2014-01-22,,1,1,8-A12G
BRLS,1852973,2021-09-02,2024-02-07,2,1,25-NSE|8-A12B
BRLT,1866757,2021-09-23,,1,1,8-A12B
BRR,2076163,2025-12-05,,1,1,8-A12B
BRSP,1717547,2018-01-31,,1,1,8-A12B
BRTX,1505497,2015-10-20,,1,1,8-A12B
BSFC,1730773,2021-11-01,2025-06-20,2,1,25-NSE|8-A12B
BSLK,1841125,2021-03-16,2024-08-13,2,1,25-NSE|8-A12B
BTAI,1720893,2018-03-05,,1,1,8-A12B
BTBD,1718224,2019-10-25,,1,1,8-A12G
BTBT,1710350,2018-03-13,,1,1,8-A12B
BTCS,1436229,2014-02-07,,1,1,8-A12G
BTCT,1796514,2020-03-30,2025-03-28,2,1,25-NSE|8-A12B
BTE,1279495,2006-02-24,2020-12-18,2,1,25-NSE|8-A12B
BTM,1901799,2022-02-23,2023-07-03,2,1,25-NSE/A|8-A12B
BTMD,1819253,2021-02-26,2023-07-07,2,1,25-NSE|8-A12B
BTOC,1972529,2024-05-10,,1,1,8-A12B
BTOG,1735556,2019-04-02,,1,1,8-A12B
BTTC,2034400,2025-09-30,,1,1,8-A12B
BUSE,314489,2025-06-03,,1,1,8-A12B
BV,1734713,2018-06-28,,1,1,8-A12B
BVS,1665988,2016-07-26,,1,1,8-A12B
BW,1630805,2021-02-12,2025-12-05,2,1,25-NSE|8-A12B
BWB,1341317,2018-03-05,,1,1,8-A12B
BWEN,1120370,2013-02-13,,1,1,8-A12B
BWIN,1781755,2019-10-17,,1,1,8-A12B
BWMN,1847590,2021-04-28,,1,1,8-A12B
BXC,1301787,2016-06-13,,1,1,8-A12B
BY,1702750,2017-06-28,,1,1,8-A12B
BYFC,1001171,2003-02-05,,1,1,8-A12G
BYND,1655210,2019-04-24,,1,1,8-A12B
BYRN,1354866,2021-05-04,,1,1,8-A12B
BYSI,1677940,2017-03-06,,1,1,8-A12B
BZAI,1871638,2021-12-08,2025-05-13,2,1,25-NSE|8-A12B
BZFD,1828972,2021-01-11,2021-12-03,2,1,25-NSE|8-A12B
BZH,915840,2009-08-07,2015-07-24,2,1,25-NSE|8-A12B
CAAS,2037400,2025-09-17,,1,1,8-A12B
CABA,1759138,2019-10-23,,1,1,8-A12B
CADL,1841387,2021-07-19,,1,1,8-A12B
CAEP,2034268,2025-06-25,,1,1,8-A12B
CAMP,1736730,2024-10-08,,1,1,8-A12B
CAPL,1538849,2012-10-22,,1,1,8-A12B
CAPN,2024203,2024-09-19,,1,1,8-A12B
CAPR,1133869,2008-05-09,2011-07-13,2,1,25-NSE|8-A12B
CAPS,887151,1997-03-06,2014-06-24,2,1,25|8-A12G
CAPT,1967478,2023-11-15,,1,1,8-A12B
CARL,1794546,2025-07-21,,1,1,8-A12B
CARM,1485003,2014-02-03,2025-12-15,2,1,25|8-A12B
CARS,1683606,2016-09-07,,1,1,10-12B
CARV,1016178,1996-10-04,2025-11-28,2,1,25|8-A12G
CATO,18255,2003-12-22,,1,1,8-A12G
CBAT,1117171,2002-03-29,,1,1,8-A12G
CBC,2065601,2025-11-19,,1,1,8-A12B
CBIO,1253689,2013-11-05,,1,1,8-A12B
CBK,1981546,2025-10-01,,1,1,8-A12B
CBLL,1861107,2024-10-08,,1,1,8-A12B
CBRL,1067294,2015-04-09,,1,1,8-A12B
CBUS,1705843,2017-07-20,,1,1,8-A12B
CCCC,1662579,2020-09-28,,1,1,8-A12B
CCG,1965473,2023-09-13,,1,1,8-A12B
CCHH,2074123,2025-09-25,,1,1,8-A12B
CCIX,2006291,2024-05-01,,1,1,8-A12B
CCLD,1582982,2014-07-02,2025-03-21,2,1,25|8-A12B
CCS,1576940,2014-06-12,,1,1,8-A12B
CCSI,1866633,2021-08-18,,1,1,10-12B
CCTG,1931717,2024-01-17,,1,1,8-A12B
CCXI,2074973,2025-12-16,,1,1,8-A12B
CDIO,1870144,2021-11-22,2022-10-26,2,1,25-NSE|8-A12B
CDLX,1666071,2018-02-06,,1,1,8-A12B
CDRE,1860543,2021-07-30,,1,1,8-A12B
CDT,1896212,2022-01-24,2023-09-22,2,1,25-NSE|8-A12B
CDTG,1793895,2024-04-05,,1,1,8-A12B
CDXS,1200375,2010-04-19,,1,1,8-A12B
CDZI,727273,2021-07-02,,1,1,8-A12B
CELU,1752828,2019-05-17,2021-07-19,2,1,25-NSE|8-A12B
CELZ,1187953,2021-12-02,,1,1,8-A12B
CENN,1707919,2018-06-19,,1,1,8-A12B
CEPF,2034267,2025-08-20,,1,1,8-A12B
CEPO,2027708,2025-01-06,,1,1,8-A12B
CEPT,2034269,2025-05-01,,1,1,8-A12B
CERO,1870404,2021-10-05,2024-02-14,2,1,25-NSE|8-A12B
CERT,1827090,2020-12-11,,1,1,8-A12B
CETY,1329606,2016-07-06,2021-03-05,2,1,253G2|8-A12G
CFFN,1490906,2010-07-09,,1,1,8-A12B
CGBD,1544206,2017-06-09,2025-11-28,2,1,25-NSE|8-A12B
CGC,1737927,2020-11-13,2020-11-13,2,1,25|8-A12B
CGEM,1789972,2021-01-06,,1,1,8-A12B
CGTL,1967822,2024-11-18,,1,1,8-A12B
CGTX,1455365,2021-10-06,,1,1,8-A12B
CHAC,2054174,2025-04-24,,1,1,8-A12B
CHAI,1649009,2020-09-24,2025-09-24,2,1,25-NSE|8-A12B
CHCI,1299969,2004-12-09,,1,1,8-A12B
CHCT,1631569,2015-05-19,,1,1,8-A12B
CHMI,1571776,2013-09-27,,1,1,8-A12B
CHPT,1777393,2019-07-25,2021-07-06,2,1,25-NSE|8-A12B
CHR,1738758,2018-08-14,2025-02-14,2,1,25-NSE|8-A12B
CHRS,1512762,2014-11-03,,1,1,8-A12B
CHSN,1825349,2023-03-24,,1,1,8-A12B
CIGL,2001794,2025-04-21,,1,1,8-A12B
CIIT,1557798,2025-04-08,,1,1,8-A12B
CIM,1409493,2016-10-12,,1,1,8-A12B
CING,1862150,2021-10-04,,1,1,8-A12B
CINT,1868995,2021-11-08,,1,1,8-A12B
CION,1534254,2012-07-02,,1,1,8-A12G
CISO,1777319,2022-01-13,,1,1,8-A12B
CISS,1951067,2023-06-08,,1,1,8-A12B
CJMB,2032545,2025-02-04,,1,1,8-A12B
CLAR,913277,1998-05-18,,1,1,8-A12G
CLBR,2091024,2026-02-03,,1,1,8-A12B
CLDT,1476045,2010-04-14,,1,1,8-A12B
CLGN,1631487,2018-01-29,,1,1,8-A12B
CLIK,2020027,2024-10-07,,1,1,8-A12B
CLIR,1434524,2012-04-23,2019-01-25,2,1,25-NSE|8-A12B
CLNN,1822791,2020-12-30,2025-12-30,2,1,25-NSE|8-A12B
CLOV,1801170,2020-03-13,2021-08-23,2,1,25-NSE|8-A12B
CLPS,1724542,2018-05-22,,1,1,8-A12B
CLPT,1285550,2016-07-06,2019-12-06,2,1,25|8-A12B
CLRB,1279704,2014-08-14,2021-04-16,2,1,25-NSE|8-A12B
CLRO,840715,2007-08-10,,1,1,8-A12B
CLWT,1026662,1997-02-07,,1,1,8-A12G
CLYM,1768446,2021-08-03,,1,1,8-A12B
CMBM,1738177,2019-06-21,,1,1,8-A12B
CMCT,908311,2017-11-16,2023-01-19,2,1,25|8-A12B
CMLS,1058623,2017-06-05,2025-07-21,2,1,25-NSE|8-A12B
CMND,1892500,2022-11-09,,1,1,8-A12B
CMPX,1738021,2020-11-10,,1,1,8-A12B
CMRC,1626450,2020-08-03,,1,1,8-A12B
CMRE,1503584,2010-10-27,2024-07-15,2,1,25-NSE|8-A12B
CMTG,1666291,2021-11-01,,1,1,8-A12B
CNDT,1677703,2016-06-30,2019-12-20,2,1,10-12B|25
CNET,1376321,2007-06-05,2010-09-13,2,1,25|8-A12G
CNEY,1780785,2021-02-01,,1,1,8-A12B
CNMD,816956,2020-02-06,2020-05-26,2,1,25-NSE|8-A12B
CNNE,1704720,2017-11-17,,1,1,8-A12B
CNSP,1729427,2019-11-05,,1,1,8-A12B
CNTB,1835268,2021-03-12,,1,1,8-A12B
CNTM,1895249,2022-05-10,2025-07-22,2,1,25-NSE|8-A12B
CNTX,1842952,2021-07-23,,1,1,8-A12B
CNTY,911147,1999-05-07,,1,1,8-A12G
CNVS,1173204,2009-08-12,,1,1,8-A12B
COCH,1840877,2021-03-01,2023-09-29,2,1,25-NSE|8-A12B
COCP,1412486,2014-03-17,,1,1,8-A12G
CODA,1334325,2007-09-18,,1,1,8-A12G
CODI,1345126,2010-10-25,2010-10-25,2,1,25|8-A12B
CODX,1692415,2017-07-11,,1,1,8-A12B
COEP,1759186,2020-10-27,2022-10-28,2,1,25-NSE|8-A12B
COLL,1267565,2015-05-01,,1,1,8-A12B
COOK,1857853,2021-07-29,,1,1,8-A12B
COOT,1959994,2024-03-21,,1,1,8-A12B
COSM,1474167,2011-06-14,,1,1,8-A12G
COUR,1651562,2021-03-22,,1,1,8-A12B
COYA,1835022,2022-12-27,,1,1,8-A12B
CPIX,1087294,2007-08-01,,1,1,8-A12B
CPOP,1807389,2021-06-25,,1,1,8-A12B
CPS,1320461,2013-10-10,,1,1,8-A12B
CPSH,814676,2015-01-13,,1,1,8-A12B
CRBP,1595097,2014-11-25,,1,1,8-A12G
CRBU,1619856,2021-07-19,,1,1,8-A12B
CRCT,1828962,2021-03-22,,1,1,8-A12B
CRDF,1213037,2012-05-23,2017-05-30,2,1,25-NSE|8-A12B
CRDL,1702123,2021-08-04,,1,1,8-A12B
CRE,2003977,2025-07-22,,1,1,8-A12B
CREG,721693,2010-02-05,,1,1,10-12B
CREX,1356093,2006-11-24,2023-11-17,2,1,25-NSE|8-A12B
CRI,1060822,2025-09-24,,1,1,8-A12B
CRKN,1761696,2021-01-22,2025-08-04,2,1,25|8-A12B
CRML,1951089,2024-02-27,,1,1,8-A12B
CRNC,1768267,2019-08-21,,1,1,10-12B
CRSR,1743759,2020-09-17,,1,1,8-A12B
CRTD,1357671,2020-09-09,2022-10-27,2,1,25-NSE|8-A12B
CRVO,1053691,2015-06-18,,1,1,8-A12G
CRVS,1626971,2016-03-16,,1,1,8-A12B
CSBR,771856,2015-08-20,,1,1,8-A12B
CSIQ,1375877,2006-10-24,,1,1,8-A12B
CSTE,1504379,2012-03-20,,1,1,8-A12B
CSTL,1447362,2019-07-15,,1,1,8-A12B
CSWC,17313,2017-12-15,2025-10-10,2,1,25-NSE|8-A12B
CTKB,1831915,2021-07-19,,1,1,8-A12B
CTLP,896429,2019-10-18,2020-02-05,2,1,25-NSE|8-A12G
CTMX,1501989,2015-10-06,,1,1,8-A12B
CTNM,1855175,2024-04-02,,1,1,8-A12B
CTNT,1951667,2023-07-26,,1,1,8-A12B
CTO,23795,2021-01-28,2021-02-01,2,1,25-NSE|8-A12B
CTOR,1851484,2022-10-13,2024-08-13,2,1,25-NSE|8-A12B
CTOS,1709682,2017-08-11,2024-04-02,2,1,25-NSE|8-A12B
CTRI,1981599,2024-04-16,,1,1,8-A12B
CTRM,1720161,2018-05-02,,1,1,8-A12G
CTRN,1318484,2023-12-08,,1,1,8-A12B
CTSO,1175151,2004-11-22,,1,1,8-A12G
CTW,2047148,2025-07-22,,1,1,8-A12B
CTXR,1506251,2015-10-22,2022-08-08,2,1,25-NSE|8-A12G
CUB,2015955,2024-06-17,,1,1,8-A12B
CUE,1645460,2017-12-13,,1,1,8-A12B
CUEN,1424657,2013-04-02,2024-02-15,2,1,25-NSE|8-A12G
CUPR,1995704,2024-09-26,,1,1,8-A12B
CURI,1776909,2019-11-18,2025-10-15,2,1,25-NSE|8-A12B
CURR,1862935,2021-11-17,2024-08-30,2,1,25|8-A12B
CURV,1792781,2021-06-30,,1,1,8-A12B
CURX,2025942,2025-08-25,,1,1,8-A12B
CV,1378325,2025-06-13,,1,1,8-A12B
CVEO,1590584,2013-12-12,2015-07-20,2,1,10-12B|25-NSE
CVGI,1290900,2009-05-22,,1,1,8-A12B
CVLG,928658,2024-07-26,2024-08-05,2,1,25|8-A12B
CVRX,1235912,2021-06-25,,1,1,8-A12B
CVV,766792,2001-06-01,2007-09-20,2,1,25|8-A12B
CWD,1627282,2023-05-15,2026-02-06,2,1,253G2|8-A12B
CWH,1669779,2016-10-07,,1,1,8-A12B
CXAI,1820875,2020-10-20,2023-03-15,2,1,25-NSE|8-A12B
CXM,1569345,2021-06-21,,1,1,8-A12B
CYCN,1755237,2019-01-28,,1,1,10-12B
CYCU,1868419,2022-01-11,2025-06-05,2,1,25-NSE|8-A12B
CYH,1108109,2014-01-27,2019-01-11,2,1,25-NSE|8-A12B
CYN,1874097,2021-10-19,,1,1,8-A12B
CYRX,1124524,2010-02-10,2020-07-29,2,1,25-NSE|8-A12B
DAC,1369241,2006-10-02,2018-12-21,2,1,25-NSE|8-A12B
DAIC,2033770,2025-06-20,,1,1,8-A12B
DAKT,915779,2018-11-19,,1,1,8-A12B
DARE,1401914,2014-04-04,2026-01-07,2,1,253G1|8-A12B
DAWN,1845337,2021-05-24,,1,1,8-A12B
DBGI,1668010,2021-05-11,2025-10-01,2,1,25-NSE|8-A12B
DBVT,1613780,2014-10-17,,1,1,8-A12B
DCGO,1822359,2020-10-14,2022-09-16,2,1,25-NSE|8-A12B
DEA,1622194,2015-02-03,,1,1,8-A12B
DERM,1867066,2021-11-12,,1,1,8-A12B
DEVS,1854480,2021-10-27,2025-03-21,2,1,25-NSE|8-A12B
DFDV,1805526,2023-07-19,,1,1,8-A12B
DFH,1825088,2021-01-20,2022-10-07,2,1,25|8-A12B
DFIN,1669811,2016-03-31,,1,1,10-12B
DFLI,1847986,2021-08-10,2022-10-07,2,1,25-NSE|8-A12B
DFNS,1787518,2020-06-22,2023-12-26,2,1,25-NSE|8-A12B
DFSC,1889823,2022-12-06,,1,1,8-A12B
DH,1861795,2021-09-15,,1,1,8-A12B
DHX,1393883,2025-01-28,,1,1,8-A12B
DIBS,1600641,2021-06-02,,1,1,8-A12B
DKI,2058584,2025-08-07,,1,1,8-A12B
DLNG,1578453,2013-11-08,2025-07-25,2,1,25-NSE|8-A12B
DLPN,1282224,2017-12-19,2020-12-28,2,1,25-NSE|8-A12B
DLTH,1649744,2015-11-17,,1,1,8-A12B
DLXY,2025218,2025-07-08,,1,1,8-A12B
DMAC,1401040,2018-12-03,,1,1,8-A12B
DNOW,1599617,2014-02-26,,1,1,10-12B
DNTH,1690585,2018-06-19,,1,1,8-A12B
DNUT,1857154,2021-06-30,,1,1,8-A12B
DOGZ,1707303,2017-11-27,,1,1,8-A12B
DOLE,1857475,2021-07-29,,1,1,8-A12B
DOMH,12239,2013-01-30,,1,1,8-A12G
DOMO,1505952,2018-06-22,,1,1,8-A12B
DOUG,1878897,2021-11-10,,1,1,10-12B
DRCT,1880613,2022-02-03,2023-10-30,2,1,25-NSE|8-A12B
DRH,1298946,2020-08-28,2025-12-31,2,1,25-NSE|8-A12B
DRMA,1853816,2021-08-11,,1,1,8-A12B
DRTS,1871321,2022-03-07,,1,1,8-A12B
DRUG,1827401,2021-11-02,,1,1,8-A12B
DSAC,2082149,2025-12-08,,1,1,8-A12B
DSGN,1807120,2021-03-23,,1,1,8-A12B
DSP,1828791,2021-02-05,,1,1,8-A12B
DSX,1318885,2014-02-13,2018-10-29,2,1,25-NSE|8-A12B
DSY,1999297,2024-05-29,,1,1,8-A12B
DTCK,1949478,2023-09-14,,1,1,8-A12B
DTIL,1357874,2019-03-19,,1,1,8-A12B
DTSS,1631282,2018-12-18,,1,1,8-A12B
DTST,1419951,2011-12-16,,1,1,8-A12B
DUO,1750593,2019-10-23,,1,1,8-A12B
DV,1819928,2021-04-19,,1,1,8-A12B
DVLT,1682149,2018-07-25,,1,1,8-A12B
DWSN,799165,2005-04-13,2007-11-05,2,1,25|8-A12B
DWTX,1818844,2020-12-16,,1,1,8-A12B
DX,826675,2012-08-01,2021-02-16,2,1,25-NSE|8-A12B
DXR,27367,2022-02-01,2022-02-01,2,1,25|8-A12B
DXST,1958133,2025-01-21,,1,1,8-A12B
DXYZ,1843974,2023-07-25,,1,1,8-A12B
DYAI,1213809,2005-05-24,2008-01-30,2,1,25-NSE|8-A12B
EARN,1560672,2013-04-29,,1,1,8-A12B
EB,1475115,2018-09-17,,1,1,8-A12B
EBON,1799290,2020-06-17,,1,1,8-A12B
ECDA,1922858,2022-09-08,2023-12-12,2,1,25-NSE|8-A12B
ECOR,1560258,2018-06-18,,1,1,8-A12B
ECVT,1708035,2017-09-29,,1,1,8-A12B
ECX,1861974,2022-12-20,,1,1,8-A12B
EDBL,1809750,2022-04-29,,1,1,8-A12B
EDHL,2024876,2025-04-16,,1,1,8-A12B
EDIT,1650664,2016-01-29,,1,1,8-A12B
EDRY,1731388,2018-05-22,,1,1,8-A12B
EDSA,1540159,2015-11-03,,1,1,8-A12B
EDTK,1782309,2020-07-01,,1,1,8-A12B
EE,1888447,2022-04-08,,1,1,8-A12B
EEIQ,1781397,2021-03-23,,1,1,8-A12B
EEX,1579214,2017-04-28,,1,1,8-A12B
EFC,1411342,2009-12-03,2026-02-27,2,1,25-NSE|8-A12B
EFSC,1025835,2021-11-17,,1,1,8-A12B
EFXT,1904856,2022-10-12,,1,1,8-A12B
EGAN,1066194,2011-10-11,,1,1,8-A12B
EGHT,1023731,2017-12-01,2022-11-14,2,1,25|8-A12B
EGY,894627,2007-09-19,2015-12-24,2,1,25-NSE|8-A12B
EHAB,1803737,2022-05-25,,1,1,10-12B
EHGO,1879754,2024-06-28,,1,1,8-A12B
EJH,1769768,2021-04-30,,1,1,8-A12B
EKSO,1549084,2015-05-06,,1,1,8-A12G
ELAB,1840563,2023-11-20,,1,1,8-A12B
ELDN,1404281,2014-09-12,,1,1,8-A12B
ELPW,2015691,2024-11-20,,1,1,8-A12B
ELTX,1601485,2021-02-02,,1,1,8-A12B
ELUT,1708527,2020-09-30,,1,1,8-A12B
ELVN,1672619,2020-03-09,,1,1,8-A12B
EMBC,1872789,2021-12-21,,1,1,10-12B
EMIS,2075816,2025-09-24,2025-10-21,2,1,25-NSE|8-A12B
EMPD,1829794,2021-10-01,,1,1,8-A12B
ENFY,857949,2009-03-04,2025-10-27,2,1,25-NSE|8-A12B
ENGN,1980845,2023-10-31,,1,1,8-A12B
ENGS,1971828,2024-03-01,,1,1,8-A12B
ENLV,1596812,2014-07-28,,1,1,8-A12B
ENOV,1420800,2019-01-11,2022-01-18,2,1,25-NSE|8-A12B
ENR,1632790,2015-02-06,2022-01-18,2,1,10-12B|25-NSE
ENSC,1716947,2017-11-28,,1,1,8-A12B
ENTA,1177648,2013-03-18,,1,1,8-A12B
ENTX,1638097,2018-06-25,2023-06-29,2,1,25-NSE/A|8-A12B
ENVB,890821,2017-11-09,2020-12-30,2,1,25-NSE|8-A12B
EOLS,1570562,2018-02-01,,1,1,8-A12B
EPC,1096752,2015-05-27,,1,1,8-A12B
EPOW,1780731,2021-02-04,,1,1,8-A12B
EPSM,1883437,2025-03-25,,1,1,8-A12B
EPSN,1726126,2018-12-21,,1,1,10-12B
EPWK,1900720,2025-02-03,,1,1,8-A12B
EQ,1746466,2018-10-05,,1,1,8-A12B
ERAS,1761918,2021-07-13,,1,1,8-A12B
ERNA,748592,2021-10-22,2021-10-22,2,1,25|8-A12B
ESEA,1341170,2006-02-03,,1,1,8-A12G
ESLA,1844417,2021-07-14,2023-10-05,2,1,25-NSE|8-A12B
ESOA,1357971,2006-08-25,2012-11-16,2,1,25-NSE|8-A12B
ESPR,1434868,2013-06-25,,1,1,8-A12B
ESRT,1541401,2013-09-30,,1,1,8-A12B
ESTA,1688757,2018-07-16,,1,1,8-A12B
ETHZ,1690080,2017-05-31,2025-11-05,2,1,25-NSE|8-A12B
ETON,1710340,2018-11-08,,1,1,8-A12B
ETS,2053641,2025-08-20,,1,1,8-A12B
EU,1500881,2023-12-29,2023-12-29,2,1,25|8-A12B
EUDA,1847846,2021-07-27,2022-11-17,2,1,25-NSE|8-A12B
EVAC,2042902,2025-07-01,,1,1,8-A12B
EVEX,1823652,2020-11-13,2022-05-09,2,1,25|8-A12B
EVFM,1618835,2014-11-18,2022-10-27,2,1,25-NSE|8-A12B
EVGN,1574565,2013-11-08,2016-12-29,2,1,25|8-A12B
EVGO,1821159,2020-09-29,2021-07-01,2,1,25|8-A12B
EVH,1628908,2015-06-05,,1,1,8-A12B
EVLV,1805385,2020-07-30,2021-09-09,2,1,25-NSE|8-A12B
EVTC,1559865,2013-04-09,,1,1,8-A12B
EVTL,1867102,2021-12-15,2024-12-04,2,1,25-NSE|8-A12B
EVTV,1563568,2017-04-28,2019-09-23,2,1,25-NSE|8-A12B
EWCZ,1856236,2021-08-05,,1,1,8-A12B
EWTX,1710072,2021-03-17,,1,1,8-A12B
EXFY,1476840,2021-11-08,,1,1,8-A12B
EZGO,1806904,2020-12-29,,1,1,8-A12B
FACT,2028935,2024-11-25,,1,1,8-A12B
FAMI,1701261,2018-02-12,,1,1,8-A12B
FATE,1434316,2013-09-17,,1,1,8-A12B
FATN,1993400,2025-03-05,,1,1,8-A12B
FBGL,1938534,2025-02-05,,1,1,8-A12B
FBIO,1429260,2011-12-07,,1,1,8-A12B
FBLA,2013639,2024-10-22,,1,1,8-A12B
FBLG,1958777,2024-01-24,,1,1,8-A12B
FBRT,1562528,2014-04-28,,1,1,8-A12G
FBRX,1419041,2017-04-04,,1,1,8-A12B
FCHL,2023796,2025-09-03,,1,1,8-A12B
FCUV,1590418,2014-07-15,,1,1,8-A12G
FDMT,1650648,2020-12-08,,1,1,8-A12B
FEBO,1957001,2023-11-20,,1,1,8-A12B
FEMY,1339005,2021-06-14,,1,1,8-A12B
FET,1401257,2012-04-11,,1,1,8-A12B
FF,1337298,2011-03-09,,1,1,8-A12B
FFAI,1805521,2020-07-20,2021-07-21,2,1,25-NSE|8-A12B
FFWM,1413837,2014-05-19,2023-08-21,2,1,25|8-A12B
FGI,1864943,2022-01-06,,1,1,8-A12B
FGL,1989930,2024-10-22,,1,1,8-A12B
FGNX,1591890,2014-03-19,,1,1,8-A12B
FHTX,1822462,2020-10-19,,1,1,8-A12B
FIGS,1846576,2021-05-27,,1,1,8-A12B
FIHL,1636639,2023-06-28,,1,1,8-A12B
FIP,1899883,2022-04-29,,1,1,10-12B
FLD,1889123,2021-12-14,2025-05-22,2,1,25-NSE|8-A12B
FLGT,1674930,2016-09-26,,1,1,8-A12B
FLL,891482,2005-07-25,2013-02-12,2,1,25|8-A12B
FLNT,1460329,2016-09-26,2016-09-26,2,1,25|8-A12B
FLOC,2035149,2025-01-15,,1,1,8-A12B
FLUX,1083743,2020-08-06,,1,1,8-A12B
FLYE,1975940,2024-06-04,,1,1,8-A12B
FLYW,1580560,2021-05-21,,1,1,8-A12B
FMFC,2024656,2025-06-24,,1,1,8-A12B
FMST,1935418,2023-08-02,,1,1,8-A12B
FNGR,1602409,2015-07-24,,1,1,8-A12G
FNKO,1704711,2017-11-02,,1,1,8-A12B
FNWB,1556727,2014-11-12,,1,1,8-A12B
FOA,1828937,2021-04-02,2024-07-05,2,1,25-NSE|8-A12B
FOFO,2060083,2025-09-09,,1,1,8-A12B
FOR,1406587,2017-01-05,2017-10-06,2,1,25-NSE|8-A12B
FORA,1829280,2021-03-02,,1,1,8-A12B
FOSL,883569,2021-11-08,2025-11-13,2,1,25-NSE|8-A12B
FOXF,1424929,2013-08-02,,1,1,8-A12B
FOXX,2013807,2024-09-25,,1,1,8-A12B
FPH,1574197,2017-05-05,,1,1,8-A12B
FPI,1591670,2014-04-07,2021-10-04,2,1,25-NSE|8-A12B
FRGE,1827821,2020-12-10,2022-07-11,2,1,25-NSE|8-A12B
FRGT,1687542,2017-07-28,,1,1,8-A12B
FSCO,1568194,2022-11-08,,1,1,8-A12B
FSLY,1517413,2019-05-06,2025-12-08,2,1,25|8-A12B
FTCI,1828161,2021-04-19,,1,1,8-A12B
FTEK,846913,2006-10-02,,1,1,8-A12B
FTEL,1928581,2023-08-07,,1,1,8-A12B
FTFT,1066923,2009-10-23,2010-04-19,2,1,25|8-A12B
FTHM,1753162,2020-07-28,,1,1,8-A12B
FTRE,1965040,2023-05-15,,1,1,10-12B
FTRK,2027262,2024-11-29,,1,1,8-A12B
FUBO,1484769,2015-01-27,,1,1,8-A12G
FUFU,1921158,2024-02-26,,1,1,8-A12B
FULC,1680581,2019-07-12,,1,1,8-A12B
FUSE,2033383,2025-10-20,,1,1,8-A12B
FVR,1988494,2024-10-02,,1,1,8-A12B
FVRR,1762301,2019-06-04,,1,1,8-A12B
FWRG,1789940,2021-10-01,,1,1,8-A12B
GAIN,1321741,2005-03-31,2025-12-15,2,1,25-NSE|8-A12G
GAMB,1839799,2021-07-19,,1,1,8-A12B
GAME,1714562,2021-06-14,,1,1,8-A12B
GANX,1819411,2021-03-17,,1,1,8-A12B
GASS,1328919,2005-10-04,,1,1,8-A12G
GAUZ,1781446,2024-06-05,,1,1,8-A12B
GCL,2002045,2025-02-13,,1,1,8-A12B
GCMG,1819796,2020-11-17,2025-11-18,2,1,25-NSE|8-A12B
GCT,1857816,2022-07-22,,1,1,8-A12B
GCTK,1506983,2012-08-14,,1,1,8-A12G
GCTS,1851961,2021-11-03,2024-03-27,2,1,25-NSE|8-A12B
GDC,1641398,2015-07-23,2018-06-06,2,1,25-NSE|8-A12B
GDEN,1071255,2013-12-12,,1,1,8-A12G
GDRX,1809519,2020-09-23,,1,1,8-A12B
GDTC,1873093,2023-03-30,,1,1,8-A12B
GDYN,1743725,2018-10-03,2021-08-30,2,1,25-NSE|8-A12B
GEG,1831096,2022-06-17,,1,1,8-A12B
GELS,1920092,2024-10-17,,1,1,8-A12B
GENK,1891856,2023-06-23,,1,1,8-A12B
GETY,1898496,2022-07-22,2022-10-19,2,1,25-NSE|8-A12B
GFAI,1804469,2021-09-28,,1,1,8-A12B
GHRS,1855129,2021-06-22,,1,1,8-A12B
GIBO,2034520,2025-04-15,,1,1,8-A12B
GIG,2023730,2024-08-28,,1,1,8-A12B
GIPR,1651721,2021-08-30,2021-10-01,2,1,25-NSE|8-A12B
GITS,1911545,2023-07-31,,1,1,8-A12B
GIX,2098712,2026-01-26,,1,1,8-A12B
GLBS,1499780,2010-11-24,,1,1,8-A12B
GLE,1908705,2024-09-16,,1,1,8-A12B
GLIBA,2057463,2025-07-11,2025-12-17,2,1,25-NSE|8-A12B
GLIBK,2057463,2025-07-11,2025-12-17,2,1,25-NSE|8-A12B
GLMD,1595353,2014-03-11,,1,1,8-A12B
GLP,1323468,2018-08-07,2024-04-15,2,1,25-NSE|8-A12B
GLRE,1385613,2007-05-22,,1,1,8-A12B
GLSI,1799788,2020-09-23,,1,1,8-A12B
GLTO,1800315,2020-10-23,,1,1,8-A12B
GLUE,1826457,2021-06-21,,1,1,8-A12B
GLXG,1905920,2024-09-10,,1,1,8-A12B
GMBL,1451448,2018-06-26,2024-02-27,2,1,25|8-A12G
GMGI,1437925,2012-10-19,,1,1,8-A12G
GMHS,2000530,2025-01-24,,1,1,8-A12B
GMM,1913749,2023-10-06,,1,1,8-A12B
GNE,1528356,2011-10-25,2023-06-20,2,1,25-NSE|8-A12B
GNL,1526113,2014-04-30,,1,1,8-A12G
GNLN,1743745,2019-04-18,,1,1,8-A12B
GNLX,1231457,2023-01-23,,1,1,8-A12B
GNPX,1595248,2017-10-13,,1,1,8-A12B
GO,1771515,2019-06-20,,1,1,8-A12B
GOCO,1808220,2020-07-15,,1,1,8-A12B
GOGO,1537054,2020-09-23,,1,1,8-A12B
GOLD,1591588,2014-03-11,2025-12-01,2,1,25|8-A12B
GOOS,1690511,2017-03-07,,1,1,8-A12B
GOSS,1728117,2019-02-04,,1,1,8-A12B
GOVX,832489,2020-09-24,2025-09-29,2,1,25-NSE|8-A12B
GP,1584547,2020-08-27,,1,1,8-A12B
GPAT,1834526,2024-05-08,,1,1,8-A12B
GPMT,1703644,2017-06-20,,1,1,8-A12B
GPRK,1464591,2014-02-04,,1,1,8-A12B
GPRO,1500435,2014-06-20,,1,1,8-A12B
GRAN,2027722,2025-06-30,,1,1,8-A12B
GRDN,1802255,2024-09-25,,1,1,8-A12B
GREE,1844971,2021-09-13,,1,1,8-A12B
GRI,1824293,2021-02-08,,1,1,8-A12B
GRNQ,1597846,2016-04-01,,1,1,8-A12G
GRNT,1928446,2022-10-21,2023-07-05,2,1,25-NSE|8-A12B
GROV,1841761,2021-03-22,2023-06-12,2,1,25-NSE|8-A12B
GRPN,1490281,2020-04-13,,1,1,8-A12B
GRRR,1903145,2022-07-13,,1,1,8-A12B
GRTX,1563577,2019-10-29,2024-09-06,2,1,25-NSE|8-A12B
GRWG,1604868,2019-11-27,,1,1,8-A12B
GSBD,1572694,2013-03-29,,1,1,8-A12B
GSIT,1126741,2007-03-27,,1,1,8-A12B
GSIW,1954269,2023-11-30,,1,1,8-A12B
GSL,1430725,2008-08-12,2022-07-18,2,1,25-NSE|8-A12B
GSM,1639877,2015-12-23,,1,1,8-A12B
GSUN,1826376,2022-06-17,,1,1,8-A12B
GTBP,109657,2021-02-08,,1,1,8-A12B
GTEC,1735041,2018-07-24,2019-12-17,2,1,25-NSE|8-A12B
GTEN,1986817,2025-05-01,,1,1,8-A12B
GURE,885462,2009-10-20,,1,1,8-A12B
GUTS,1572616,2024-01-29,,1,1,8-A12B
GV,1892274,2022-05-09,,1,1,8-A12B
GVH,1978527,2023-10-05,,1,1,8-A12B
GWAV,1589149,2015-04-27,,1,1,8-A12G
GWH,1819438,2020-09-16,2021-10-08,2,1,25|8-A12B
GXAI,1895618,2023-02-10,,1,1,8-A12B
GYRO,1589061,2015-09-01,,1,1,8-A12B
HAO,1954594,2024-01-24,,1,1,8-A12B
HBIO,1123494,2008-02-08,,1,1,8-A12B
HBT,775215,2019-10-10,,1,1,8-A12B
HCAC,2079013,2025-11-19,,1,1,8-A12B
HCAI,1958399,2025-02-04,,1,1,8-A12B
HCAT,1636422,2019-07-18,,1,1,8-A12B
HCHL,2046656,2025-06-23,,1,1,8-A12B
HCIC,2099093,2026-02-04,,1,1,8-A12B
HCKT,1057379,1998-05-21,,1,1,8-A12G
HCMA,2069856,2025-07-31,,1,1,8-A12B
HCTI,1839285,2021-10-12,,1,1,8-A12B
HCWB,1828673,2021-07-09,,1,1,8-A12B
HEPA,1583771,2015-02-24,2025-07-22,2,1,25-NSE|8-A12B
HFFG,1680873,2017-08-08,2018-08-22,2,1,25-NSE|8-A12B
HGBL,849145,2020-08-25,,1,1,8-A12B
HGTY,1840776,2021-03-18,2024-07-22,2,1,25-NSE|8-A12B
HIHO,1026785,2018-05-11,,1,1,8-A12B
HIND,1427570,2016-09-27,,1,1,8-A12B
HIT,2019505,2024-12-19,,1,1,8-A12B
HKIT,1742341,2020-06-18,,1,1,8-A12B
HKPD,2007702,2025-01-08,,1,1,8-A12B
HLLY,1822928,2020-10-06,2021-07-19,2,1,25-NSE|8-A12B
HLMN,1822492,2020-10-08,2021-12-22,2,1,25-NSE|8-A12B
HLP,1855557,2023-03-28,,1,1,8-A12B
HMR,2029471,2025-02-19,,1,1,8-A12B
HNRG,788965,2010-05-12,,1,1,8-A12B
HNST,1530979,2021-05-03,,1,1,8-A12B
HOLO,1841209,2021-06-21,2022-09-16,2,1,25-NSE|8-A12B
HONE,1769617,2019-06-24,2025-10-28,2,1,25|8-A12B
HOOK,1760542,2019-04-15,2025-07-29,2,1,25|8-A12B
HOTH,1711786,2019-02-06,,1,1,8-A12B
HOUR,1874875,2022-01-05,,1,1,8-A12B
HOV,357294,2011-02-18,2014-04-24,2,1,25-NSE|8-A12B
HOVR,1930021,2023-01-26,2024-01-12,2,1,25-NSE|8-A12B
HOWL,1785530,2021-04-27,,1,1,8-A12B
HPK,1792849,2020-08-19,2025-08-21,2,1,25-NSE|8-A12B
HRMY,1802665,2020-08-14,,1,1,8-A12B
HROW,1360214,2007-12-27,2025-10-10,2,1,25-NSE|8-A12G
HRTG,1598665,2014-05-20,,1,1,8-A12B
HRZN,1487428,2010-10-28,2026-01-29,2,1,25-NSE|8-A12B
HSCS,1468492,2022-06-14,2025-05-15,2,1,253G2|8-A12B
HSDT,1610853,2018-04-04,,1,1,8-A12B
HSHP,1959455,2023-03-30,,1,1,8-A12B
HTCR,1892322,2022-02-08,,1,1,8-A12B
HTH,1265131,2025-08-14,,1,1,8-A12B
HTOO,1819794,2020-12-09,2025-12-10,2,1,25-NSE|8-A12B
HTZ,1657853,2015-12-21,2020-10-30,2,1,10-12B|25-NSE
HUBC,1905660,2023-02-28,,1,1,8-A12B
HUDI,1791725,2021-01-14,,1,1,8-A12B
HUMA,1818382,2020-09-17,2021-08-26,2,1,25-NSE|8-A12B
HURA,1498382,2012-09-14,,1,1,8-A12G
HVII,1846416,2025-01-16,,1,1,8-A12B
HWH,1897245,2022-01-27,2024-01-08,2,1,25-NSE|8-A12B
HXHX,1936817,2025-04-14,,1,1,8-A12B
HYAC,1970509,2023-07-25,,1,1,8-A12B
HYFM,1695295,2020-12-07,,1,1,8-A12B
HYMC,1718405,2018-02-06,2025-10-06,2,1,25-NSE|8-A12B
HYPD,1682639,2018-01-24,,1,1,8-A12B
HYPR,1833769,2021-01-26,,1,1,8-A12B
IBEX,1720420,2018-03-26,,1,1,8-A12B
IBG,1924482,2024-09-16,,1,1,8-A12B
IBIO,1420720,2010-12-29,2025-03-03,2,1,25|8-A12B
IBTA,1538379,2024-04-15,,1,1,8-A12B
ICCC,811641,1995-09-13,,1,1,8-A12B
ICCM,1584371,2021-08-23,,1,1,8-A12B
ICHR,1652535,2016-12-06,,1,1,8-A12B
ICON,1995574,2024-07-11,,1,1,8-A12B
ICU,1831868,2021-01-22,2022-10-28,2,1,25-NSE|8-A12B
IDAI,1718939,2022-01-26,2022-01-27,2,1,253G2|8-A12B
IDN,1040896,2020-01-31,2020-01-31,2,1,25|8-A12B
IFBD,1815566,2021-03-30,,1,1,8-A12B
IFRX,1708688,2017-11-07,,1,1,8-A12B
IHRT,1400891,2008-07-30,,1,1,8-A12G
III,1371489,2007-01-29,2011-01-31,2,1,25-NSE|8-A12G
IIIN,764401,2021-03-12,2021-03-15,2,1,25|8-A12B
IIIV,1728688,2018-06-15,,1,1,8-A12B
IINN,1837493,2021-03-30,,1,1,8-A12B
IIPR,1677576,2016-11-17,,1,1,8-A12B
IKT,1750149,2020-10-29,,1,1,8-A12B
ILLR,1769624,2019-05-10,2022-11-14,2,1,25-NSE|8-A12B
IMA,1835579,2021-03-23,,1,1,8-A12B
IMG,1527613,2014-03-12,,1,1,8-A12G
IMMR,1058811,2017-12-27,,1,1,8-A12B
IMMX,1873835,2021-12-13,,1,1,8-A12B
IMNM,1472012,2020-09-30,,1,1,8-A12B
IMPP,1876581,2021-11-19,,1,1,8-A12B
IMRX,1790340,2021-07-27,,1,1,8-A12B
IMSR,2019804,2024-08-15,,1,1,8-A12B
IMTE,1668438,2017-03-06,,1,1,8-A12B
IMTX,1809196,2020-07-01,2025-07-01,2,1,25-NSE|8-A12B
IMUX,1280776,2013-11-15,,1,1,8-A12B
IMXI,1683695,2017-01-18,2018-11-15,2,1,25-NSE|8-A12B
INAB,1740279,2020-11-10,,1,1,8-A12B
INBS,1725430,2020-12-22,,1,1,8-A12B
INBX,2007919,2024-04-25,,1,1,10-12B
INDI,1841925,2021-06-10,2023-11-08,2,1,25-NSE|8-A12B
INDP,1857044,2021-07-23,,1,1,8-A12B
INEO,1933951,2024-10-22,,1,1,8-A12B
INGN,1294133,2014-02-10,,1,1,8-A12B
INHD,1961847,2023-12-04,,1,1,8-A12B
INKT,1840229,2021-10-13,,1,1,8-A12B
INLF,1991592,2024-12-30,,1,1,8-A12B
INM,1728328,2020-11-05,,1,1,8-A12B
INMB,1711754,2019-02-01,,1,1,8-A12B
INMD,1742692,2019-08-05,,1,1,8-A12B
INN,1497645,2011-02-07,2021-09-07,2,1,25-NSE|8-A12B
INNV,1834376,2021-03-03,,1,1,8-A12B
INO,1055726,2014-09-12,2014-09-12,2,1,25|8-A12B
INR,2029118,2025-01-30,,1,1,8-A12B
INSE,1615063,2014-10-14,2017-05-18,2,1,25-NSE|8-A12B
INSG,1022652,2018-01-22,,1,1,8-A12B
INTJ,1916416,2024-02-29,,1,1,8-A12B
INTS,1567264,2021-11-30,,1,1,8-A12B
INV,2001557,2024-10-02,,1,1,8-A12B
INVZ,1835654,2021-04-05,,1,1,8-A12B
IOBT,1865494,2021-11-02,,1,1,8-A12B
IOTR,1997637,2025-04-09,,1,1,8-A12B
IOVA,1425205,2008-03-07,,1,1,8-A12G
IPCX,2012318,2025-04-24,,1,1,8-A12B
IPDN,1546296,2013-03-01,,1,1,8-A12B
IPM,1355839,2006-08-14,,1,1,8-A12G
IPOD,2041047,2025-04-21,,1,1,8-A12B
IPSC,1850119,2021-06-14,,1,1,8-A12B
IPST,1788230,2024-11-15,,1,1,8-A12B
IPWR,1507957,2013-11-21,,1,1,8-A12B
IRD,1228627,2004-02-13,2019-06-07,2,1,25|8-A12G
ISPC,1558569,2021-06-14,,1,1,8-A12B
ISSC,836690,2000-07-26,,1,1,8-A12G
ITRM,1659323,2018-05-22,,1,1,8-A12B
ITRN,1337117,2005-09-01,,1,1,8-A12B
IVDA,1397183,2008-06-18,,1,1,8-A12G
IVF,1417926,2019-09-09,,1,1,8-A12G
IVR,1437071,2009-06-18,2024-12-27,2,1,25-NSE|8-A12B
IVVD,1832038,2021-08-03,,1,1,8-A12B
IZEA,1495231,2016-02-25,,1,1,8-A12B
IZM,1854572,2023-03-14,,1,1,8-A12B
JACK,807882,2025-07-02,,1,1,8-A12B
JAGX,1585608,2025-02-27,,1,1,8-A12B
JAKK,1009829,2012-03-05,,1,1,8-A12B
JANX,1817713,2021-06-09,,1,1,8-A12B
JBDI,1964314,2024-08-26,,1,1,8-A12B
JBGS,1689796,2017-01-24,,1,1,10-12B
JBI,1839839,2021-06-04,2021-11-12,2,1,25-NSE|8-A12B
JBIO,1798749,2021-06-25,,1,1,8-A12B
JCAP,2046042,2025-06-26,,1,1,8-A12B
JCSE,1905511,2022-03-28,,1,1,8-A12B
JDZG,1976908,2024-05-10,,1,1,8-A12B
JELD,1674335,2017-01-27,,1,1,8-A12B
JEM,2018222,2025-06-06,,1,1,8-A12B
JFB,2024306,2025-02-26,,1,1,8-A12B
JFBR,1885408,2022-08-25,,1,1,8-A12B
JILL,1687932,2017-03-07,,1,1,8-A12B
JL,1948436,2023-12-29,,1,1,8-A12B
JMG,2049717,2025-12-09,,1,1,8-A12B
JRVR,1620459,2014-12-09,,1,1,8-A12B
JSPR,1788028,2019-11-18,2021-09-27,2,1,25-NSE|8-A12B
JTAI,1861622,2021-08-09,2024-09-10,2,1,25-NSE|8-A12B
JUNS,1679628,2022-02-04,,1,1,8-A12B
JVA,1007019,2005-05-02,2010-03-15,2,1,25|8-A12B
JWEL,1805594,2021-03-02,,1,1,8-A12B
JXG,1546383,2012-10-24,2014-09-11,2,1,25-NSE|8-A12B
JYD,1938186,2023-03-21,,1,1,8-A12B
JYNT,1612630,2014-11-05,,1,1,8-A12B
JZXN,1816172,2021-05-11,,1,1,8-A12B
KALA,1479419,2017-07-14,,1,1,8-A12B
KALU,811596,2016-04-08,,1,1,8-A12B
KALV,1348911,2015-02-02,,1,1,8-A12B
KAVL,1762239,2021-07-20,,1,1,8-A12B
KBSX,2014254,2025-01-14,,1,1,8-A12B
KDK,1853138,2023-04-20,2025-09-24,2,1,25|8-A12B
KELYA,55135,2026-01-12,,1,1,8-A12B
KFII,2029976,2025-02-04,,1,1,8-A12B
KFRC,930420,2024-05-14,2024-05-17,2,1,25|8-A12B
KG,2055116,2025-05-27,,1,1,8-A12B
KIDS,1425450,2017-10-11,,1,1,8-A12B
KIDZ,2022308,2025-04-04,,1,1,8-A12B
KITT,1849820,2021-07-14,2022-09-12,2,1,25-NSE|8-A12B
KLC,1873529,2024-10-09,,1,1,8-A12B
KLRS,1754068,2020-07-27,,1,1,8-A12B
KLTO,1907223,2022-03-30,2024-06-21,2,1,25-NSE|8-A12B
KLTR,1432133,2021-07-21,,1,1,8-A12B
KLXE,1738827,2018-07-25,,1,1,10-12B
KMDA,1567529,2013-05-28,,1,1,8-A12B
KMRK,2049187,2025-07-15,,1,1,8-A12B
KMTS,1877184,2025-03-06,,1,1,8-A12B
KNOP,1564180,2013-04-05,,1,1,8-A12B
KOD,1468748,2018-10-01,,1,1,8-A12B
KODK,31235,2013-09-03,2018-08-30,2,1,25-NSE|8-A12G
KORE,1855457,2021-09-29,2023-12-21,2,1,25-NSE|8-A12B
KPLT,1785424,2019-10-30,2021-06-09,2,1,25-NSE|8-A12B
KPRX,1372514,2014-09-30,2020-08-05,2,1,25-NSE|8-A12B
KREF,1631596,2017-05-03,,1,1,8-A12B
KRMD,704440,2019-10-15,,1,1,8-A12B
KRNT,1625791,2015-03-31,,1,1,8-A12B
KRNY,1617242,2015-05-18,,1,1,8-A12B
KROS,1664710,2020-04-03,,1,1,8-A12B
KRP,1657788,2017-02-02,,1,1,8-A12B
KRRO,1703647,2019-09-23,,1,1,8-A12B
KSCP,1600983,2022-01-25,2024-02-16,2,1,253G2|8-A12B
KSS,885639,2022-02-04,,1,1,8-A12B
KTTA,1841330,2021-09-13,,1,1,8-A12B
KTWO,2086524,2026-01-28,,1,1,8-A12B
KURA,1422143,2015-11-04,,1,1,8-A12B
KVHI,1007587,2013-03-18,,1,1,10-12B
KWM,2000756,2025-05-13,,1,1,8-A12B
KXIN,1713539,2017-10-24,2019-06-24,2,1,25-NSE|8-A12B
KYTX,1994702,2024-02-05,,1,1,8-A12B
KZR,1645666,2018-06-19,,1,1,8-A12B
LAB,1162194,2016-11-22,2017-08-02,2,1,25|8-A12B
LADR,1577670,2014-02-04,,1,1,8-A12B
LAES,1951222,2023-05-18,,1,1,8-A12B
LANV,1922097,2022-12-14,,1,1,8-A12B
LASE,1807887,2022-09-28,,1,1,8-A12B
LASR,1124796,2018-04-18,,1,1,8-A12B
LAW,1625641,2021-07-16,,1,1,8-A12B
LB,1995807,2024-06-27,,1,1,8-A12B
LBGJ,1896425,2024-10-22,,1,1,8-A12B
LBRX,1691082,2025-09-09,,1,1,8-A12B
LCFY,1875547,2022-03-24,,1,1,8-A12B
LDI,1831631,2021-02-03,,1,1,8-A12B
LEDS,1333822,2010-12-02,,1,1,8-A12B
LEE,58361,2021-04-16,2021-04-16,2,1,25|8-A12B
LEGH,1436208,2018-12-11,,1,1,8-A12B
LEGO,2087450,2026-01-22,,1,1,8-A12B
LENZ,1815776,2021-06-22,,1,1,8-A12B
LEXX,1348362,2021-01-11,2026-01-14,2,1,25-NSE|8-A12B
LFAC,2084563,2025-12-04,,1,1,8-A12B
LFMD,948320,2017-10-16,,1,1,8-A12G
LFST,1845257,2021-06-10,,1,1,8-A12B
LFT,1547546,2013-03-19,2019-02-14,2,1,25-NSE|8-A12B
LFVN,849146,2012-09-11,,1,1,8-A12B
LFWD,1607962,2014-09-02,,1,1,8-A12B
LGCB,1969401,2023-12-14,,1,1,8-A12B
LGCL,1954694,2023-03-22,,1,1,8-A12B
LGHL,1806524,2020-05-28,2025-06-16,2,1,25-NSE|8-A12B
LGIH,1580670,2013-10-10,,1,1,8-A12B
LGMK,1566826,2013-05-22,2025-08-06,2,1,25-NSE|8-A12G
LGVN,1721484,2021-02-11,2023-09-21,2,1,25-NSE|8-A12B
LHAI,2017758,2025-05-14,,1,1,8-A12B
LHSW,2004024,2025-03-31,,1,1,8-A12B
LICN,1876766,2022-09-07,,1,1,8-A12B
LIDR,1818644,2020-11-12,2021-08-18,2,1,25-NSE|8-A12B
LILA,1712184,2017-12-28,2020-09-28,2,1,25-NSE|8-A12B
LILAK,1712184,2017-12-28,2020-09-28,2,1,25-NSE|8-A12B
LIND,1512499,2013-04-30,2019-08-01,2,1,25-NSE|8-A12B
LINK,828146,2015-12-14,2019-02-04,2,1,10-12B|25
LION,2052959,2025-05-07,,1,1,8-A12B
LITM,1769697,2021-11-18,,1,1,8-A12B
LIVE,1045742,2004-05-18,,1,1,8-A12G
LIXT,1335105,2020-11-17,2025-11-28,2,1,25-NSE/A|8-A12B
LMFA,1640384,2015-10-22,2020-10-21,2,1,25-NSE|8-A12B
LNAI,1527728,2018-12-06,,1,1,8-A12B
LNKB,1756701,2022-09-13,,1,1,8-A12B
LNKS,1972074,2024-03-28,,1,1,8-A12B
LOB,1462120,2015-07-13,2022-12-13,2,1,25|8-A12B
LOBO,1932072,2024-03-19,,1,1,8-A12B
LOCO,1606366,2014-07-22,,1,1,8-A12B
LOOP,1504678,2012-07-17,,1,1,8-A12G
LOVE,1701758,2018-06-25,,1,1,8-A12B
LPAA,2015502,2024-07-11,,1,1,8-A12B
LPCN,1535955,2013-10-21,,1,1,8-A12G
LPG,1596993,2014-05-02,,1,1,8-A12B
LPRO,1806201,2020-06-10,,1,1,8-A12B
LPSN,1102993,2024-01-22,,1,1,8-A12B
LRHC,1879403,2023-01-06,,1,1,8-A12B
LRMR,1374690,2014-06-18,,1,1,8-A12B
LSE,1985139,2024-12-18,,1,1,8-A12B
LSH,1996192,2024-06-21,,1,1,8-A12B
LSPD,1823306,2020-09-09,,1,1,8-A12B
LTBR,1084554,2006-07-18,,1,1,8-A12G
LTCH,1826000,2020-11-09,2024-03-21,2,1,25-NSE|8-A12B
LTRN,1763950,2020-06-08,,1,1,8-A12B
LUCD,1799011,2021-10-12,,1,1,8-A12B
LUCY,1808377,2022-05-12,,1,1,8-A12B
LUNG,1127537,2020-09-24,,1,1,8-A12B
LUNR,1844452,2021-09-20,2025-03-21,2,1,25-NSE|8-A12B
LVLU,1780201,2021-11-10,,1,1,8-A12B
LVRO,1945711,2023-02-28,2026-02-24,2,1,25|8-A12B
LVWR,1898795,2022-09-26,,1,1,8-A12B
LWAC,2061379,2025-06-24,,1,1,8-A12B
LWLG,1325964,2021-08-27,,1,1,8-A12B
LXEO,1907108,2023-11-01,,1,1,8-A12B
LXFR,1096056,2011-12-08,2017-12-12,2,1,25-NSE|8-A12B
LXU,60714,2020-07-06,,1,1,8-A12B
LYRA,1327273,2020-04-27,,1,1,8-A12B
LZ,1286139,2012-07-30,,1,1,8-A12B
LZM,1958217,2023-07-05,,1,1,8-A12B
LZMH,1967397,2025-02-14,,1,1,8-A12B
MAGH,2046117,2025-07-30,,1,1,8-A12B
MAMA,1520358,2013-05-14,,1,1,8-A12G
MAMK,2008007,2025-07-03,,1,1,8-A12B
MAPS,1779474,2019-08-07,2021-06-15,2,1,25-NSE|8-A12B
MASK,1993097,2025-01-07,,1,1,8-A12B
MASS,1555279,2020-12-17,,1,1,8-A12B
MAX,1818383,2020-10-28,,1,1,8-A12B
MAZE,1842295,2025-01-27,,1,1,8-A12B
MB,2027265,2025-04-09,,1,1,8-A12B
MBAV,2016072,2024-07-10,,1,1,8-A12B
MBC,1941365,2022-10-28,,1,1,10-12B
MBIN,1629019,2017-10-24,2025-01-02,2,1,25-NSE|8-A12B
MBIO,1680048,2017-08-21,,1,1,8-A12B
MBRX,1659617,2016-04-28,,1,1,8-A12B
MBUU,1590976,2014-01-30,,1,1,8-A12B
MBX,1776111,2024-09-10,,1,1,8-A12B
MCB,1476034,2017-11-07,,1,1,8-A12B
MCFT,1638290,2015-07-14,,1,1,8-A12B
MCOM,1788841,2019-11-15,2024-02-15,2,1,25-NSE|8-A12B
MCRB,1609809,2015-06-22,,1,1,8-A12B
MCTA,2035992,2025-10-20,,1,1,8-A12B
MCW,1853513,2021-06-25,2024-12-31,2,1,25|8-A12B
MD,893949,2008-12-18,2009-05-11,2,1,25-NSE|8-A12B
MDAI,1833498,2021-02-11,2023-09-11,2,1,25-NSE|8-A12B
MDIA,1784254,2019-08-13,,1,1,10-12B
MDRR,1654595,2018-10-25,2025-01-10,2,1,25-NSE|8-A12B
MDWD,1593984,2014-03-12,,1,1,8-A12B
MDXG,1376339,2013-04-22,2019-02-26,2,1,25-NSE|8-A12B
MEC,1766368,2019-05-03,,1,1,8-A12B
MED,910329,2006-08-14,2006-08-24,2,1,25|8-A12B
MEG,1643615,2020-07-17,,1,1,8-A12B
MEGL,1881472,2022-08-04,,1,1,8-A12B
MFA,1055160,2012-04-11,2021-01-06,2,1,25-NSE|8-A12B
MFI,1940941,2024-04-19,,1,1,8-A12B
MFIC,1278752,2004-02-06,2019-08-12,2,1,25-NSE|8-A12G
MFIN,1000209,2016-04-18,2021-04-14,2,1,25-NSE|8-A12B
MGAM,1886362,2022-07-28,2024-04-25,2,1,25-NSE|8-A12B
MGIH,1903995,2023-03-29,,1,1,8-A12B
MGN,1995075,2025-09-25,,1,1,8-A12B
MGNX,1125345,2013-10-07,,1,1,8-A12B
MGRX,1938046,2023-02-06,,1,1,8-A12B
MGTX,1735438,2018-06-08,,1,1,8-A12B
MGX,1785279,2024-02-05,,1,1,8-A12B
MIGI,1218683,2021-09-28,,1,1,8-A12B
MIMI,1998560,2024-12-31,,1,1,8-A12B
MIND,926423,2016-06-02,2024-09-04,2,1,25-NSE|8-A12B
MIRA,1904286,2023-07-31,,1,1,8-A12B
MIST,1408443,2019-05-06,,1,1,8-A12B
MITK,807863,2011-07-12,,1,1,8-A12B
MITT,1514281,2011-04-25,,1,1,8-A12B
MKDW,1991332,2024-07-31,,1,1,8-A12B
MLAC,2029492,2024-12-10,,1,1,8-A12B
MLEC,1937737,2022-12-30,,1,1,8-A12B
MLGO,1800392,2021-02-08,2022-12-12,2,1,25-NSE|8-A12B
MLTX,1821586,2020-10-19,,1,1,8-A12B
MMI,1578732,2013-10-28,,1,1,8-A12B
MNDO,1119083,2000-08-02,,1,1,8-A12G
MNDR,1976695,2024-03-25,,1,1,8-A12B
MNOV,1226616,2005-01-26,,1,1,8-A12G
MNPR,1645469,2019-09-30,,1,1,8-A12B
MNRO,876427,2025-11-10,,1,1,8-A12B
MNTK,1826600,2021-01-20,,1,1,8-A12B
MNTN,1891027,2025-05-22,,1,1,8-A12B
MNTS,1781162,2019-11-06,2021-08-12,2,1,25-NSE|8-A12B
MNY,1974044,2023-10-13,,1,1,8-A12B
MOBQ,1084267,2021-12-01,2024-02-15,2,1,25-NSE|8-A12B
MOBX,1855467,2021-07-15,2023-12-22,2,1,25-NSE|8-A12B
MODD,1074871,2022-02-09,,1,1,8-A12B
MOVE,1734750,2021-03-19,,1,1,8-A12B
MPLT,1770069,2025-10-24,,1,1,8-A12B
MRAI,1844392,2021-10-13,2024-06-03,2,1,25-NSE|8-A12B
MRAM,1438423,2016-09-28,,1,1,8-A12B
MRKR,1094038,2016-11-03,,1,1,8-A12B
MRNO,1988776,2024-03-20,,1,1,8-A12B
MRVI,1823239,2020-11-19,,1,1,8-A12B
MSAI,1863990,2021-10-14,2023-12-19,2,1,25-NSE|8-A12B
MSDL,1782524,2024-01-22,,1,1,8-A12B
MSGM,1821175,2021-01-07,,1,1,8-A12B
MSGY,2020228,2025-07-01,,1,1,8-A12B
MSPR,1802450,2020-08-12,2022-05-23,2,1,25-NSE|8-A12B
MSS,1892292,2023-06-14,,1,1,8-A12B
MSW,1956166,2024-11-22,,1,1,8-A12B
MTC,1742518,2018-12-18,,1,1,8-A12B
MTEK,1872964,2022-02-01,,1,1,8-A12B
MTUS,1598428,2014-02-11,,1,1,10-12B
MTVA,1638287,2016-06-20,,1,1,8-A12B
MVIS,65770,2008-09-08,2013-07-22,2,1,25-NSE|8-A12B
MVST,1760689,2019-03-04,,1,1,8-A12B
MWYN,2030522,2025-03-11,,1,1,8-A12B
MX,1325702,2010-06-22,,1,1,8-A12B
MXCT,1287098,2021-07-27,,1,1,8-A12B
MXL,1288469,2021-12-10,2021-12-10,2,1,25|8-A12B
MYNZ,1874252,2021-11-03,,1,1,8-A12B
MYPS,1823878,2020-10-22,2021-06-21,2,1,25-NSE|8-A12B
MYSZ,1211805,2015-05-01,,1,1,10-12B
NA,1872302,2022-06-21,,1,1,8-A12B
NABL,1834488,2021-03-29,,1,1,10-12B
NAGE,1386570,2008-06-25,,1,1,8-A12G
NAKA,1946573,2024-05-13,2025-08-15,2,1,25|8-A12B
NAMM,2026514,2025-06-04,,1,1,8-A12B
NAT,1000177,2004-11-12,,1,1,8-A12B
NAUT,1808805,2020-08-06,,1,1,8-A12B
NAVI,1593538,2013-12-06,2018-01-12,2,1,10-12B|25-NSE
NB,1512228,2016-10-28,,1,1,8-A12G
NBBK,1979330,2023-12-27,,1,1,8-A12B
NBR,1163739,2012-07-17,2021-05-03,2,1,25-NSE|8-A12B
NCEW,1968043,2024-11-20,,1,1,8-A12B
NCI,1916331,2024-04-15,,1,1,8-A12B
NCPL,1414767,2022-07-07,,1,1,8-A12B
NCRA,1756180,2022-06-24,,1,1,8-A12B
NCT,2018529,2025-03-27,,1,1,8-A12B
NDLS,1275158,2013-06-25,,1,1,8-A12B
NDRA,1681682,2016-12-16,2022-05-12,2,1,25-NSE|8-A12B
NEGG,1474627,2010-03-16,,1,1,8-A12B
NEO,1077183,2012-12-05,,1,1,8-A12B
NERV,1598646,2014-06-23,,1,1,8-A12B
NESR,1698514,2017-05-11,2025-07-17,2,1,25-NSE|8-A12B
NEWT,1587987,2015-09-23,2026-01-29,2,1,25-NSE/A|8-A12B
NEXA,1713930,2017-10-23,,1,1,8-A12B
NEXM,795800,2025-07-15,,1,1,8-A12B
NEXN,1849396,2021-06-15,,1,1,8-A12B
NEXT,1612720,2015-02-09,2018-02-27,2,1,25-NSE|8-A12B
NFBK,1493225,2013-01-23,,1,1,8-A12B
NFE,1749723,2019-01-30,2020-08-07,2,1,25-NSE|8-A12B
NGL,1504461,2011-05-09,,1,1,8-A12B
NGS,1084991,2008-10-27,2008-10-27,2,1,25|8-A12B
NGVC,1547459,2012-07-23,,1,1,8-A12B
NGVT,1653477,2015-10-06,,1,1,10-12B
NHIC,2043699,2025-02-27,,1,1,8-A12B
NITO,1789192,2021-05-11,,1,1,8-A12B
NIXX,1462223,2021-06-29,,1,1,8-A12B
NKLR,2067627,2025-10-09,,1,1,8-A12B
NKTX,1787400,2020-07-02,,1,1,8-A12B
NLOP,1952976,2023-09-21,,1,1,10-12B
NLST,1282631,2006-11-27,2019-01-08,2,1,25-NSE|8-A12B
NMFC,1496099,2011-05-19,2021-03-08,2,1,25-NSE|8-A12B
NMHI,1947861,2024-03-11,2025-06-24,2,1,25-NSE|8-A12B
NMRA,1885522,2023-09-13,,1,1,8-A12B
NMTC,1500198,2012-05-25,,1,1,8-A12G
NN,1865631,2021-10-28,,1,1,8-A12B
NNBR,918541,2020-04-16,,1,1,8-A12B
NNOX,1795251,2020-08-18,,1,1,8-A12B
NOA,1368519,2006-11-17,,1,1,8-A12B
NOMD,1651717,2015-12-28,,1,1,8-A12B
NOTE,1823466,2020-10-28,2022-07-29,2,1,25|8-A12B
NPB,1336706,2025-02-12,,1,1,8-A12B
NPCE,1528287,2021-04-14,,1,1,8-A12B
NPKI,71829,2020-05-28,,1,1,8-A12B
NPWR,1845437,2021-06-15,2023-06-09,2,1,25-NSE|8-A12B
NRDS,1625278,2021-11-01,,1,1,8-A12B
NRDY,1819404,2020-10-06,2023-09-28,2,1,25-NSE|8-A12B
NRGV,1828536,2021-02-02,2022-08-17,2,1,25-NSE|8-A12B
NRIX,1549595,2020-07-20,,1,1,8-A12B
NRSN,1875091,2021-11-18,,1,1,8-A12B
NRXP,1719406,2017-11-20,2021-05-24,2,1,25-NSE|8-A12B
NSP,1000753,2020-05-22,,1,1,8-A12B
NSPR,1433607,2012-11-08,2022-03-15,2,1,25-NSE|8-A12B
NTB,1653242,2016-09-14,,1,1,8-A12B
NTCL,1927578,2024-12-11,,1,1,8-A12B
NTHI,1979414,2025-03-24,,1,1,8-A12B
NTLA,1652130,2016-05-05,,1,1,8-A12B
NTRB,1676047,2021-09-29,,1,1,8-A12B
NTRP,788611,2017-02-14,2022-02-17,2,1,25-NSE|8-A12B
NTST,1798100,2020-08-12,,1,1,8-A12B
NTWO,2028027,2024-10-31,,1,1,8-A12B
NUVB,1811063,2020-06-26,2026-02-10,2,1,25-NSE|8-A12B
NUWE,1506492,2013-06-14,,1,1,8-A12B
NVCT,1875558,2022-02-03,,1,1,8-A12B
NVGS,1581804,2013-11-15,,1,1,8-A12B
NVNI,1965143,2023-09-29,,1,1,8-A12B
NVNO,1661053,2017-12-12,2023-05-26,2,1,25-NSE|8-A12B
NWBO,1072379,2001-12-07,2016-12-19,2,1,25|8-A12G
NWL,814453,2018-12-10,2018-12-10,2,1,25|8-A12B
NWTG,1934245,2023-05-11,,1,1,8-A12B
NXDR,1846069,2021-03-18,2021-11-05,2,1,25|8-A12B
NXGL,1468929,2021-12-15,,1,1,8-A12B
NXL,1527352,2022-09-15,2025-09-19,2,1,25-NSE|8-A12B
NXPL,1058307,2021-05-27,,1,1,8-A12B
NXRT,1620393,2014-09-29,,1,1,10-12B
NXTC,1661059,2019-05-08,,1,1,8-A12B
NXTT,1784970,2022-07-18,,1,1,8-A12B
NXXT,1817004,2021-09-14,,1,1,8-A12B
NYXH,1857190,2021-06-28,,1,1,8-A12B
OABI,1846253,2021-08-09,2022-11-01,2,1,25-NSE|8-A12B
OBIO,1814114,2020-08-03,,1,1,8-A12B
OCC,1000230,2001-11-05,,1,1,8-A12G
OCEA,1869974,2021-09-10,2025-08-08,2,1,25-NSE|8-A12B
OCG,1776067,2020-11-23,,1,1,8-A12B
OCGN,1372299,2014-11-18,,1,1,8-A12B
OCSL,1414932,2011-11-25,2020-03-02,2,1,25-NSE|8-A12B
ODV,1431852,2023-06-14,2023-11-28,2,1,25-NSE|8-A12B
OEC,1609804,2014-07-22,,1,1,8-A12B
OFAL,2036307,2025-04-08,,1,1,8-A12B
OFG,1030469,2012-11-02,2021-07-15,2,1,25-NSE|8-A12B
OFS,1487918,2012-11-07,2021-11-22,2,1,25-NSE|8-A12B
OGN,1821825,2021-03-17,,1,1,10-12B
OIS,1121484,2025-11-13,,1,1,8-A12B
OKUR,1637715,2021-04-06,,1,1,8-A12B
OKYO,1849296,2022-05-10,,1,1,8-A12B
OLB,1314196,2020-08-06,,1,1,8-A12B
OLMA,1750284,2020-11-17,,1,1,8-A12B
OLPX,1868726,2021-09-30,,1,1,8-A12B
OM,1484612,2020-09-11,,1,1,8-A12B
OMDA,1611115,2025-06-03,,1,1,8-A12B
OMER,1285819,2009-09-30,,1,1,8-A12B
OMEX,798528,2007-07-05,2007-07-09,2,1,25|8-A12B
OMH,1944902,2023-03-16,,1,1,8-A12B
OMQS,278165,2021-08-30,2024-06-28,2,1,25-NSE|8-A12B
ONCO,1782107,2022-02-17,,1,1,8-A12B
ONEG,2030834,2024-12-30,,1,1,8-A12B
ONFO,1825452,2022-08-03,,1,1,8-A12B
ONL,1873923,2021-10-04,,1,1,10-12B
ONMD,1849380,2021-05-05,2023-11-07,2,1,25-NSE|8-A12B
ONTF,1110611,2021-01-29,,1,1,8-A12B
OOMA,1327688,2015-07-10,,1,1,8-A12B
OPAD,1825024,2020-10-20,2023-11-20,2,1,25-NSE|8-A12B
OPAL,1842279,2021-03-22,2022-12-21,2,1,25-NSE|8-A12B
OPFI,1818502,2020-09-23,2021-07-21,2,1,25-NSE|8-A12B
OPGN,1293818,2015-04-30,2025-08-08,2,1,25-NSE|8-A12B
OPK,944809,2016-06-23,2016-06-23,2,1,25|8-A12B
OPRT,1538716,2019-09-16,,1,1,8-A12B
OPRX,1448431,2009-03-27,,1,1,8-A12G
OPTX,1866816,2021-11-08,2023-11-07,2,1,25-NSE|8-A12B
ORBS,1892492,2021-11-08,,1,1,10-12B
ORC,1518621,2011-07-13,2014-10-14,2,1,25|8-A12B
ORGN,1802457,2020-07-09,2021-06-25,2,1,25-NSE|8-A12B
ORGO,1661181,2016-10-05,2019-03-12,2,1,25-NSE|8-A12B
ORIC,1796280,2020-04-20,,1,1,8-A12B
ORIS,1964664,2024-10-15,,1,1,8-A12B
ORKT,1979407,2024-07-24,,1,1,8-A12B
ORMP,1176309,2003-05-29,,1,1,8-A12G
ORN,1402829,2007-12-19,2009-05-13,2,1,25|8-A12B
OSG,874501,2010-02-03,2023-04-28,2,1,25-NSE|8-A12B
OSRH,1840425,2022-05-11,2025-02-18,2,1,25-NSE|8-A12B
OSS,1394056,2018-01-29,,1,1,8-A12B
OTLK,1649989,2016-04-29,2022-02-16,2,1,25-NSE|8-A12B
OUST,1816581,2020-08-19,2025-09-30,2,1,25-NSE|8-A12B
OVID,1636651,2017-05-04,,1,1,8-A12B
OWLT,1816708,2020-09-14,2023-07-05,2,1,25-NSE|8-A12B
OXBR,1584831,2014-03-11,2014-05-08,2,1,25|8-A12B
OXLC,1495222,2011-01-19,2024-06-28,2,1,25-NSE|8-A12B
OXSQ,1259429,2017-04-12,2025-09-18,2,1,25-NSE|8-A12B
PACB,1299130,2010-10-06,,1,1,8-A12B
PACK,1712463,2018-01-17,2020-09-22,2,1,25-NSE|8-A12B
PACS,2001184,2024-04-11,,1,1,8-A12B
PAHC,1069899,2014-04-08,,1,1,8-A12B
PAL,1998768,2024-04-29,,1,1,8-A12B
PALI,1357459,2015-07-01,2015-07-10,2,1,25|8-A12B
PANL,1606909,2014-12-30,,1,1,8-A12B
PASW,1897532,2024-06-28,,1,1,8-A12B
PAVS,1751876,2019-10-22,,1,1,8-A12B
PAYS,1496443,2018-08-08,,1,1,8-A12B
PBFS,1769663,2019-07-17,,1,1,8-A12B
PBM,1985062,2024-01-25,,1,1,8-A12B
PBYI,1401667,2012-10-16,2016-12-30,2,1,25|8-A12B
PCAP,2056634,2025-05-20,,1,1,8-A12B
PCSA,1533743,2020-09-17,,1,1,8-A12B
PD,1568100,2019-04-02,,1,1,8-A12B
PDC,1944399,2023-07-21,,1,1,8-A12B
PDLB,1874071,2022-01-27,,1,1,8-A12B
PDSB,1472091,2015-09-25,,1,1,8-A12B
PDYN,1826681,2021-01-14,2021-09-24,2,1,25|8-A12B
PEB,1474098,2011-09-19,2021-08-26,2,1,25-NSE|8-A12B
PENG,1616533,2017-05-23,,1,1,8-A12B
PEPG,1835597,2022-05-03,,1,1,8-A12B
PERF,1899830,2022-10-25,,1,1,8-A12B
PERI,1338940,2005-12-22,,1,1,8-A12G
PETS,1040130,2024-12-03,,1,1,8-A12B
PETV,1512922,2014-04-01,2024-09-06,2,1,25-NSE|8-A12G
PETZ,1684425,2017-09-14,,1,1,8-A12B
PEW,2051380,2025-07-15,,1,1,8-A12B
PFAI,2032755,2025-04-03,,1,1,8-A12B
PFLT,1504619,2011-04-07,2022-04-13,2,1,25|8-A12B
PFSA,1859807,2021-12-16,2025-05-22,2,1,25-NSE|8-A12B
PGEN,1356090,2018-09-24,2018-09-24,2,1,25|8-A12B
PGNY,1551306,2019-10-22,,1,1,8-A12B
PHAT,1783183,2019-10-16,,1,1,8-A12B
PHIN,1968915,2023-05-18,,1,1,10-12B
PHIO,1533040,2013-03-01,2021-12-21,2,1,25-NSE|8-A12G
PHUN,1665300,2016-08-18,2023-12-21,2,1,25-NSE|8-A12B
PHVS,1830487,2021-02-04,,1,1,8-A12B
PKE,76267,1996-02-26,2015-12-18,2,1,25-NSE|8-A12B
PKST,1600626,2016-04-08,,1,1,8-A12G
PLAB,810136,2019-09-24,,1,1,8-A12B
PLAY,1525769,2020-03-19,2021-04-05,2,1,25|8-A12B
PLBY,1803914,2020-06-04,2021-02-11,2,1,25-NSE|8-A12B
PLOW,1287213,2010-04-29,,1,1,8-A12B
PLRX,1746473,2020-05-29,,1,1,8-A12B
PLRZ,1893645,2024-10-21,,1,1,8-A12B
PLSE,1625101,2016-04-15,,1,1,8-A12B
PLTK,1828016,2021-01-14,,1,1,8-A12B
PMAX,2012096,2024-08-27,,1,1,8-A12B
PMCB,1157075,2021-08-02,,1,1,8-A12B
PMEC,1891944,2023-10-04,,1,1,8-A12B
PMN,1374339,2022-06-22,,1,1,10-12B
PMT,1464423,2017-03-07,,1,1,8-A12B
PMTR,2061473,2025-05-12,,1,1,8-A12B
PMVP,1699382,2020-09-21,,1,1,8-A12B
PN,2001288,2025-03-03,,1,1,8-A12B
PNBK,1098146,2004-04-20,,1,1,8-A12G
PNNT,1383414,2007-04-19,2022-04-13,2,1,25|8-A12B
PNTG,1766400,2019-05-06,,1,1,10-12B
POET,1437424,2022-03-09,,1,1,8-A12B
POLA,1622345,2016-12-06,,1,1,8-A12B
POWW,1015383,1997-06-17,,1,1,8-A12B
PPCB,1517681,2013-01-11,,1,1,8-A12G
PPSI,1449792,2011-06-21,,1,1,8-A12B
PRCH,1784535,2019-11-20,2021-04-16,2,1,25-NSE|8-A12B
PRCT,1588978,2021-09-10,,1,1,8-A12B
PRE,1876431,2022-05-17,,1,1,8-A12B
PRFX,1801834,2020-08-31,,1,1,8-A12B
PRHI,1502292,2015-08-07,2023-09-29,2,1,25-NSE|8-A12B
PRLB,1443669,2012-02-21,,1,1,8-A12B
PRLD,1678660,2020-09-16,,1,1,8-A12B
PRME,1894562,2022-10-17,,1,1,8-A12B
PROK,1850270,2021-06-29,,1,1,8-A12B
PROP,1162896,2012-03-30,,1,1,8-A12G
PRPH,868278,1996-10-25,2026-01-23,2,1,25-NSE|8-A12G
PRPL,1643953,2015-07-29,2020-11-30,2,1,25|8-A12B
PRPO,1043961,2014-05-05,,1,1,8-A12B
PRQR,1612940,2014-09-16,,1,1,8-A12B
PRTA,1559053,2012-10-01,,1,1,10-12B
PRTH,1653558,2016-09-12,2019-04-02,2,1,25-NSE|8-A12B
PRTS,1378950,2024-04-05,,1,1,8-A12B
PRZO,1916241,2023-07-26,,1,1,8-A12B
PSEC,1287032,2021-06-14,2021-12-30,2,1,25-NSE|8-A12B
PSFE,1833835,2021-03-30,2025-11-17,2,1,25-NSE|8-A12B
PSHG,1481241,2010-12-30,,1,1,8-A12B
PSIG,1997201,2024-07-18,,1,1,8-A12B
PSIX,1137091,2013-05-24,2017-07-21,2,1,25-NSE|8-A12B
PSNL,1527753,2019-06-17,,1,1,8-A12B
PSNY,1884082,2022-06-23,,1,1,8-A12B
PSQH,1847064,2021-06-04,2023-07-24,2,1,25-NSE|8-A12B
PSTV,1095981,2016-06-10,2020-05-26,2,1,25-NSE|8-A12B
PTIX,1022899,1996-12-10,2026-01-23,2,1,25-NSE|8-A12B
PTLE,2016337,2024-09-30,,1,1,8-A12B
PTLO,1871509,2021-10-21,,1,1,8-A12B
PTPI,1815903,2020-12-01,2025-11-20,2,1,25-NSE|8-A12B
PUBM,1422930,2020-11-30,,1,1,8-A12B
PULM,1574235,2013-11-13,,1,1,8-A12B
PUMP,1680247,2017-03-16,,1,1,8-A12B
PVL,1520048,2011-11-01,,1,1,8-A12B
PWP,1777835,2020-09-24,2022-09-07,2,1,25-NSE|8-A12B
PXED,1600222,2025-10-08,,1,1,8-A12B
PXS,1640043,2015-10-28,2025-10-10,2,1,25-NSE|8-A12B
PYPD,1611842,2018-03-16,,1,1,8-A12B
PYXS,1782223,2021-10-05,,1,1,8-A12B
Q,2058873,2025-04-24,,1,1,10-12B
QCLS,1321834,2014-01-17,,1,1,8-A12B
QNCX,1662774,2019-05-01,,1,1,8-A12B
QRHC,1442236,2014-05-09,,1,1,8-A12B
QSEA,2047455,2025-03-18,,1,1,8-A12B
QSI,1816431,2020-09-02,2021-06-10,2,1,25-NSE|8-A12B
QTRX,1503274,2017-12-06,,1,1,8-A12B
QTTB,1661998,2018-03-19,,1,1,8-A12B
QVCGA,1355096,2020-08-27,2025-05-27,2,1,25|8-A12B
RAIL,1320854,2025-09-08,,1,1,8-A12B
RAIN,2028293,2024-12-30,,1,1,8-A12B
RAMP,733269,2018-10-01,2018-10-01,2,1,25|8-A12B
RANI,1856725,2021-07-26,,1,1,8-A12B
RAPP,2012593,2024-06-04,,1,1,8-A12B
RAPT,1673772,2019-07-22,,1,1,8-A12B
RAY,1948443,2024-05-13,,1,1,8-A12B
RAYA,1825875,2022-12-13,,1,1,8-A12B
RBCN,1410172,2007-11-13,2022-12-23,2,1,25|8-A12B
RC,1527590,2013-02-06,2026-02-17,2,1,25-NSE|8-A12B
RCAT,748268,2000-09-21,,1,1,8-A12G
RCKT,1281895,2015-02-02,,1,1,8-A12B
RCMT,700841,2010-06-09,,1,1,8-A12B
RCON,1442620,2009-07-15,,1,1,8-A12B
RCT,2027360,2025-03-19,,1,1,8-A12B
RDGT,1856084,2021-08-09,,1,1,8-A12B
RDVT,1720116,2018-02-28,,1,1,10-12B
RDW,1819810,2020-11-23,2025-03-24,2,1,25-NSE|8-A12B
RDZN,1868640,2021-11-19,2023-09-20,2,1,25-NSE|8-A12B
REAL,1573221,2019-06-21,,1,1,8-A12B
REBN,1707910,2022-08-11,,1,1,8-A12B
RECT,1995116,2024-06-17,,1,1,8-A12B
REE,1843588,2021-07-22,2022-10-07,2,1,25-NSE|8-A12B
REFR,793524,2003-02-24,,1,1,8-A12G
REKR,1697851,2017-08-29,,1,1,8-A12G
RENT,1468327,2021-10-22,,1,1,8-A12B
REPL,1737953,2018-07-17,,1,1,8-A12B
RETO,1687277,2017-11-28,,1,1,8-A12B
REVB,1810560,2020-10-07,2023-01-13,2,1,25-NSE|8-A12B
RFL,1713863,2018-03-05,2025-12-11,2,1,25-NSE|8-A12B
RGNX,1590877,2015-09-09,,1,1,8-A12B
RGR,95029,2025-10-14,,1,1,8-A12B
RGS,716643,2013-06-19,2024-01-08,2,1,25|8-A12B
RILY,1464790,2019-09-23,2025-02-27,2,1,25-NSE|8-A12B
RITR,1951229,2024-08-08,,1,1,8-A12B
RKDA,1469443,2015-05-08,,1,1,8-A12B
RLAY,1812364,2020-07-13,,1,1,8-A12B
RLJ,1511337,2017-08-30,,1,1,8-A12B
RLMD,1553643,2015-01-06,,1,1,8-A12G
RLYB,1739410,2021-07-29,,1,1,8-A12B
RMAX,1581091,2013-09-27,,1,1,8-A12B
RMBI,1767837,2019-06-24,,1,1,8-A12B
RMCF,1616262,2015-03-02,,1,1,8-A12B
RMCO,1843656,2021-03-17,2023-11-03,2,1,25-NSE|8-A12B
RMR,1644378,2015-11-03,,1,1,8-A12B
RMSG,1983324,2024-11-19,,1,1,8-A12B
RNAZ,1829635,2021-04-26,,1,1,8-A12B
RNGR,1699039,2017-08-08,,1,1,8-A12B
RNTX,1420565,2017-06-23,,1,1,8-A12B
RNXT,1574094,2021-08-11,,1,1,8-A12B
ROC,2077709,2026-02-18,,1,1,8-A12B
ROMA,1945240,2023-12-07,,1,1,8-A12B
ROOT,1788882,2020-10-23,,1,1,8-A12B
RPAY,1720592,2018-06-15,2019-08-22,2,1,25-NSE|8-A12B
RPD,1560327,2015-07-13,,1,1,8-A12B
RPGL,1912884,2025-10-14,,1,1,8-A12B
RPID,1380106,2021-07-12,,1,1,8-A12B
RPT,1614806,2015-02-10,2024-04-30,2,1,25-NSE|8-A12B
RR,1963685,2023-11-13,,1,1,8-A12B
RRGB,1171759,2019-06-05,,1,1,8-A12B
RSI,1793659,2020-02-19,2021-03-25,2,1,25-NSE|8-A12B
RSKD,1851112,2021-07-29,,1,1,8-A12B
RSSS,1386301,2008-11-18,,1,1,8-A12G
RTAC,2035173,2025-05-14,,1,1,8-A12B
RVLV,1746618,2019-06-03,,1,1,8-A12B
RVPH,1742927,2018-08-20,2025-12-12,2,1,25-NSE|8-A12B
RVSB,1041368,1997-08-06,,1,1,8-A12G
RVSN,1743905,2022-03-25,,1,1,8-A12B
RVYL,1419275,2009-04-29,,1,1,8-A12B
RWAY,1653384,2021-10-20,,1,1,8-A12B
RWT,930236,2023-01-13,,1,1,8-A12B
RXST,1111485,2021-07-28,,1,1,8-A12B
RXT,1810019,2020-08-03,,1,1,8-A12B
RYAM,1597672,2014-01-29,2023-03-21,2,1,10-12B|25-NSE
RYET,1873454,2025-03-28,,1,1,8-A12B
RYI,1481582,2010-05-05,,1,1,8-A12B
RYOJ,2012600,2025-08-04,,1,1,8-A12B
RZLT,1509261,2011-09-09,,1,1,8-A12G
RZLV,1920294,2024-08-15,,1,1,8-A12B
SABR,1597033,2020-09-03,2023-09-01,2,1,25-NSE|8-A12B
SABS,1833214,2021-01-08,2021-10-22,2,1,25-NSE|8-A12B
SAFE,1095651,2013-03-18,2023-03-31,2,1,25-NSE|8-A12G
SAFX,2019793,2025-06-06,,1,1,8-A12B
SAGT,2029138,2025-03-06,,1,1,8-A12B
SAIH,1847075,2021-04-28,2022-04-29,2,1,25-NSE|8-A12B
SANA,1770121,2021-01-25,,1,1,8-A12B
SAND,1434614,2020-02-20,2025-10-20,2,1,25-NSE|8-A12B
SATL,1874315,2022-01-25,,1,1,8-A12B
SAVA,1069530,2024-01-02,2024-05-03,2,1,25-NSE|8-A12G
SB,1434754,2008-05-22,2018-02-21,2,1,25-NSE|8-A12B
SBC,1930313,2022-08-02,2024-09-18,2,1,25-NSE|8-A12B
SBFM,1402328,2007-11-07,,1,1,8-A12G
SBIG,1801602,2021-02-10,2023-09-08,2,1,25-NSE|8-A12B
SBLX,1086745,2010-02-26,,1,1,8-A12B
SBSI,705432,2024-11-04,2024-11-14,2,1,25|8-A12B
SCNX,1382574,2020-01-27,,1,1,8-A12B
SCOR,1158172,2017-02-09,2017-05-18,2,1,25-NSE|8-A12B
SCWO,933972,2022-06-13,,1,1,8-A12B
SCYX,1178253,2014-03-19,,1,1,8-A12B
SDA,1936804,2023-05-17,,1,1,8-A12B
SDGR,1490978,2020-01-31,,1,1,8-A12B
SDHC,1982518,2024-01-11,,1,1,8-A12B
SDOT,1701756,2018-03-29,2018-04-05,2,1,253G2|8-A12G
SDST,1831979,2021-01-11,2024-07-08,2,1,25-NSE|8-A12B
SEED,1321851,2005-10-18,,1,1,8-A12G
SEER,1726445,2020-11-30,,1,1,8-A12B
SELX,1990950,2024-02-15,,1,1,8-A12B
SEMR,1831840,2021-03-22,,1,1,8-A12B
SEPN,1984086,2024-10-22,,1,1,8-A12B
SERA,1534969,2021-07-14,,1,1,8-A12B
SERV,1832483,2024-04-17,,1,1,8-A12B
SES,1819142,2021-01-05,2022-02-04,2,1,25-NSE|8-A12B
SFHG,1926792,2024-10-01,,1,1,8-A12B
SFIX,1576942,2017-11-13,,1,1,8-A12B
SFL,1289877,2004-05-26,,1,1,8-A12B
SFWL,1863218,2023-03-30,,1,1,8-A12B
SG,1477815,2021-11-15,,1,1,8-A12B
SGHT,1531177,2021-07-08,,1,1,8-A12B
SGLY,1422892,2008-04-16,,1,1,8-A12B
SGMT,1400118,2023-07-11,,1,1,8-A12B
SGP,1778922,2026-02-05,,1,1,8-A12B
SGU,1002590,1998-05-15,2006-05-15,2,1,25-NSE|8-A12B
SHFS,1854963,2021-06-21,2022-09-28,2,1,25-NSE|8-A12B
SHIM,1887944,2023-11-13,,1,1,8-A12B
SHIP,1448397,2016-12-07,2022-05-12,2,1,25-NSE|8-A12B
SHLS,1831651,2021-01-26,,1,1,8-A12B
SHMD,1987240,2024-04-30,,1,1,8-A12B
SHO,1295810,2011-04-06,2021-08-12,2,1,25-NSE|8-A12B
SHPH,1757499,2022-08-29,,1,1,8-A12B
SI,1699350,2025-07-30,,1,1,8-A12B
SIBN,1459839,2018-10-11,,1,1,8-A12B
SIDU,1879726,2021-12-10,,1,1,8-A12B
SIEB,65596,1998-07-16,,1,1,8-A12G
SILA,1567925,2015-04-29,,1,1,8-A12G
SILO,1514183,2012-12-26,,1,1,8-A12G
SINT,1269026,2007-07-27,,1,1,8-A12B
SISI,1300734,2016-05-13,2025-11-20,2,1,25-NSE|8-A12B
SITC,894315,2013-04-08,2024-11-26,2,1,25-NSE|8-A12B
SJ,1753673,2019-02-05,2020-06-09,2,1,25-NSE|8-A12B
SKBL,2031009,2024-12-31,,1,1,8-A12B
SKE,1713748,2023-11-15,2024-05-21,2,1,25-NSE|8-A12B
SKIL,1774675,2019-06-26,2023-11-09,2,1,25-NSE|8-A12B
SKIN,1818093,2020-09-25,2021-11-03,2,1,25-NSE|8-A12B
SKK,1991261,2024-10-07,,1,1,8-A12B
SKLZ,1801661,2020-03-04,2021-08-16,2,1,25-NSE|8-A12B
SKWD,1519449,2023-01-12,,1,1,8-A12B
SKYE,1516551,2014-01-28,,1,1,8-A12G
SKYH,1823587,2020-10-21,2025-02-06,2,1,25|8-A12B
SKYQ,1812447,2024-09-30,2024-11-27,2,1,253G2|8-A12B
SKYT,1819974,2021-04-16,,1,1,8-A12B
SKYX,1598981,2015-04-06,,1,1,8-A12G
SLDB,1707502,2018-01-22,,1,1,8-A12B
SLDP,1844862,2021-03-23,2021-12-08,2,1,25-NSE|8-A12B
SLE,1621672,2019-02-21,,1,1,8-A12B
SLGB,1987189,2024-12-26,,1,1,8-A12B
SLMT,1939965,2023-01-26,,1,1,8-A12B
SLNG,1043186,1998-07-06,2019-12-17,2,1,25-NSE|8-A12G
SLP,1023459,2007-12-18,2007-12-27,2,1,25|8-A12B
SLQT,1794783,2020-05-20,,1,1,8-A12B
SLRC,1418076,2010-02-09,2017-12-20,2,1,25-NSE|8-A12B
SLVM,1856485,2021-08-09,,1,1,10-12B
SLXN,2022416,2024-08-15,,1,1,8-A12B
SMA,1585389,2016-04-26,,1,1,8-A12G
SMHI,1690334,2016-12-14,,1,1,10-12B
SMPL,1702744,2017-06-15,2018-11-05,2,1,25-NSE|8-A12B
SMRT,1837014,2021-02-02,2021-08-24,2,1,25|8-A12B
SMSI,948708,2012-04-25,,1,1,8-A12B
SMTK,1817760,2024-05-30,,1,1,8-A12B
SMWB,1842731,2021-05-07,,1,1,8-A12B
SMX,1940674,2023-03-07,,1,1,8-A12B
SMXT,1519472,2024-02-12,,1,1,8-A12B
SNAL,1886894,2022-11-09,,1,1,8-A12B
SNCY,1743907,2021-03-15,,1,1,8-A12B
SND,1529628,2016-10-28,,1,1,8-A12B
SNDL,1766600,2019-07-25,,1,1,8-A12B
SNDX,1395937,2016-03-02,,1,1,8-A12B
SNES,1680378,2016-11-07,,1,1,8-A12B
SNGX,812796,2016-12-12,2021-12-15,2,1,25-NSE|8-A12B
SNOA,1367083,2006-12-15,2020-01-22,2,1,25-NSE|8-A12B
SNSE,1829802,2021-02-02,,1,1,8-A12B
SNTG,1810467,2021-07-06,,1,1,8-A12B
SNTI,1854270,2021-05-25,,1,1,8-A12B
SNYR,1562733,2013-10-29,,1,1,8-A12G
SOBR,1425627,2008-07-14,,1,1,8-A12G
SOC,1831481,2021-02-24,2024-11-04,2,1,25-NSE|8-A12B
SOHU,1734107,2019-01-14,,1,1,8-A12B
SONM,1178697,2019-05-09,,1,1,8-A12B
SOPA,1817511,2021-11-08,,1,1,8-A12B
SOPH,1840706,2021-07-19,,1,1,8-A12B
SOS,1346610,2017-04-04,2025-09-08,2,1,25-NSE|8-A12B
SOWG,1490161,2024-04-29,,1,1,8-A12B
SPAI,2011208,2024-08-27,,1,1,8-A12B
SPB,109177,2018-02-26,,1,1,8-A12B
SPCB,1291855,2007-08-22,2009-12-03,2,1,25-NSE|8-A12B
SPCE,1706946,2017-09-12,2020-04-13,2,1,25-NSE|8-A12B
SPHL,2002236,2024-10-04,,1,1,8-A12B
SPIR,1816017,2020-09-08,2023-01-09,2,1,25-NSE|8-A12B
SPOK,1289945,2021-09-03,,1,1,8-A12B
SPPL,1948697,2023-09-12,,1,1,8-A12B
SPRB,1683553,2020-10-05,,1,1,8-A12B
SPRC,1611746,2017-03-21,2020-09-22,2,1,25-NSE|8-A12B
SPRO,1701108,2017-10-30,,1,1,8-A12B
SPRU,1772720,2019-07-10,2021-03-01,2,1,25-NSE|8-A12B
SPRY,1671858,2020-12-01,,1,1,8-A12B
SPT,1517375,2019-12-09,,1,1,8-A12B
SPWH,1132105,2014-04-07,,1,1,8-A12B
SPWR,1838987,2021-02-25,2023-07-17,2,1,25|8-A12B
SQFT,1080657,2008-05-06,,1,1,10-12B
SRFM,1936224,2023-07-25,,1,1,8-A12B
SRG,1628063,2015-06-09,,1,1,8-A12B
SRTA,1779128,2019-09-12,2021-05-07,2,1,25-NSE|8-A12B
SRTS,1494891,2016-03-10,2020-06-04,2,1,25-NSE|8-A12B
SSII,1676163,2023-11-01,,1,1,8-A12G
SSM,1840416,2021-11-12,2024-02-15,2,1,25-NSE|8-A12B
SSP,832428,2018-06-01,2018-06-01,2,1,25|8-A12B
SSSS,1509470,2011-04-27,,1,1,8-A12B
SST,1805833,2020-06-15,2025-04-22,2,1,25-NSE|8-A12B
SSTI,1351636,2017-06-02,,1,1,8-A12B
SSTK,1549346,2012-09-27,,1,1,8-A12B
SSYS,1517396,2012-12-03,,1,1,8-A12B
STAI,1994624,2024-12-31,,1,1,8-A12B
STAK,2002453,2025-02-24,,1,1,8-A12B
STEL,1473844,2017-11-06,2023-06-09,2,1,25|8-A12B
STEM,1758766,2020-08-17,2021-09-20,2,1,25-NSE|8-A12B
STEX,1530766,2015-07-20,,1,1,8-A12G
STFS,2003061,2024-10-08,,1,1,8-A12B
STHO,1953366,2022-12-16,,1,1,10-12B
STI,1881551,2022-03-10,2024-03-21,2,1,25-NSE|8-A12B
STIM,1227636,2018-06-19,,1,1,8-A12B
STKS,1399520,2011-09-19,,1,1,8-A12G
STOK,1623526,2019-06-11,,1,1,8-A12B
STRO,1382101,2018-09-18,,1,1,8-A12B
STRR,1210708,2018-10-15,,1,1,8-A12B
STSS,1737995,2022-04-12,2024-12-09,2,1,253G3|8-A12B
STTK,1680367,2020-10-05,,1,1,8-A12B
SUGP,1969863,2024-01-23,,1,1,8-A12B
SUIG,1425355,2022-08-08,,1,1,8-A12B
SUNS,2012706,2024-02-22,,1,1,10-12B
SUPV,1517399,2016-05-16,,1,1,8-A12B
SUPX,1897087,2024-04-11,,1,1,8-A12B
SURG,1392694,2007-03-26,2024-11-01,2,1,25-NSE|8-A12G
SVAC,2074850,2025-09-03,,1,1,8-A12B
SVC,945394,2007-02-16,2017-02-09,2,1,25-NSE|8-A12B
SVCO,1943289,2024-05-06,,1,1,8-A12B
SVRA,1160308,2017-04-27,2017-04-27,2,1,25|8-A12B
SVV,1883313,2023-06-28,,1,1,8-A12B
SVVC,1495584,2010-07-19,2023-10-17,2,1,25|8-A12B
SWAG,1872525,2021-11-08,,1,1,8-A12B
SWIM,1833197,2021-04-22,,1,1,8-A12B
SWVL,1875609,2022-03-30,2022-04-04,2,1,25-NSE|8-A12B
SXTC,1723980,2018-12-26,,1,1,8-A12B
SXTP,1946563,2023-06-14,,1,1,8-A12B
SYBX,1527599,2015-09-23,,1,1,8-A12B
SYRA,1922335,2023-09-28,2025-04-11,2,1,25|8-A12B
SYRE,1636282,2016-03-28,,1,1,8-A12B
TACO,2033122,2025-04-28,,1,1,8-A12B
TALK,1803901,2020-06-05,2021-06-22,2,1,25-NSE|8-A12B
TALO,1724965,2024-10-01,2024-12-18,2,1,25-NSE|8-A12B
TANH,1588084,2015-03-17,,1,1,8-A12B
TARA,1359931,2014-10-16,,1,1,8-A12B
TASK,1829864,2021-06-11,,1,1,8-A12B
TAYD,96536,1998-10-06,,1,1,8-A12G
TBH,1903595,2025-02-14,,1,1,8-A12B
TBI,768899,2025-05-14,,1,1,8-A12B
TBLA,1840502,2021-06-29,,1,1,8-A12B
TBLD,1820378,2021-07-23,,1,1,8-A12B
TBPH,1583107,2015-11-10,,1,1,8-A12B
TBRG,1169445,2024-03-26,,1,1,8-A12B
TCMD,1027838,2016-06-10,,1,1,8-A12B
TCPC,1370755,2012-04-05,,1,1,8-A12B
TCRX,1783328,2021-07-13,,1,1,8-A12B
TDAC,1926599,2024-12-19,,1,1,8-A12B
TDIC,2041338,2025-07-22,,1,1,8-A12B
TDUP,1484778,2021-03-18,,1,1,8-A12B
TEAD,1454938,2021-07-20,,1,1,8-A12B
TECX,1681087,2018-06-18,,1,1,8-A12B
TELA,1561921,2019-11-07,,1,1,8-A12B
TELO,1971532,2024-02-06,,1,1,8-A12B
TEN,1166663,2002-02-08,2023-07-07,2,1,25-NSE|8-A12B
TENX,34956,2010-01-11,,1,1,8-A12B
TERN,1831363,2021-01-22,,1,1,8-A12B
TGE,2053456,2025-06-04,,1,1,8-A12B
TGHL,2024114,2025-08-25,,1,1,8-A12B
TGL,1905956,2022-08-10,,1,1,8-A12B
TH,1712189,2018-01-10,2024-03-13,2,1,25-NSE|8-A12B
THAR,1861657,2022-01-10,,1,1,8-A12B
THCH,1877333,2022-09-28,2023-06-26,2,1,25-NSE|8-A12B
THH,2044241,2025-08-27,,1,1,8-A12B
THRY,1556739,2013-04-29,2016-01-26,2,1,25-NSE|8-A12B
TIGR,1756699,2019-03-11,,1,1,8-A12B
TIL,1789769,2021-03-15,,1,1,8-A12B
TIRX,1782941,2021-01-22,,1,1,8-A12B
TISI,318833,2011-12-22,2011-12-30,2,1,25|8-A12B
TITN,1409171,2007-12-03,,1,1,8-A12B
TIVC,1787740,2021-11-10,,1,1,8-A12B
TIXT,1825155,2021-02-01,2025-10-31,2,1,25-NSE|8-A12B
TK,911971,2000-09-11,2006-02-23,2,1,25|8-A12B
TKNO,1850902,2021-06-24,,1,1,8-A12B
TLIH,1982012,2025-07-02,,1,1,8-A12B
TLPH,1427925,2011-02-01,,1,1,8-A12B
TLRY,1731348,2018-07-16,,1,1,8-A12B
TLS,320121,2020-11-17,,1,1,8-A12B
TLSA,1723069,2018-10-30,2021-10-20,2,1,25-NSE|8-A12B
TLYS,1524025,2012-05-02,,1,1,8-A12B
TMCI,1630627,2021-04-20,,1,1,8-A12B
TNGX,1819133,2020-09-02,,1,1,8-A12B
TNMG,2013186,2024-11-27,,1,1,8-A12B
TNON,1560293,2022-04-26,,1,1,8-A12B
TNYA,1858848,2021-07-23,,1,1,8-A12B
TOI,1799191,2020-03-10,2021-11-12,2,1,25-NSE|8-A12B
TOMZ,314227,2020-09-29,,1,1,8-A12B
TONX,1566610,2014-11-07,2024-04-05,2,1,25-NSE|8-A12G
TOP,1848275,2022-05-25,,1,1,8-A12B
TOYO,1985273,2024-06-28,,1,1,8-A12B
TPST,1544227,2013-04-25,,1,1,8-A12B
TPVG,1580345,2014-03-03,2021-04-05,2,1,25-NSE|8-A12B
TRAK,50471,2010-10-29,2023-11-01,2,1,25|8-A12B
TRAW,1130598,2013-07-23,2021-07-23,2,1,25-NSE|8-A12B
TRDA,1689375,2021-10-26,,1,1,8-A12B
TRIN,1786108,2021-01-28,2025-01-16,2,1,25-NSE|8-A12B
TRIP,1526520,2011-12-05,,1,1,8-A12B
TRNR,1785056,2023-02-02,,1,1,8-A12B
TRON,1956744,2023-08-02,,1,1,8-A12B
TROO,1412095,2008-03-05,,1,1,8-A12G
TRSG,1943444,2024-03-28,,1,1,8-A12B
TRTX,1630472,2017-07-18,,1,1,8-A12B
TRUG,1857086,2021-10-26,2024-01-31,2,1,25-NSE|8-A12B
TRVI,1563880,2019-04-29,,1,1,8-A12B
TSAT,1845840,2021-11-18,,1,1,8-A12B
TSHA,1806310,2020-09-18,,1,1,8-A12B
TSQ,1499832,2014-07-22,,1,1,8-A12B
TSSI,1320760,2005-07-11,2010-03-22,2,1,25|8-A12G
TTGT,2018064,2024-12-03,,1,1,8-A12B
TTI,844965,2023-03-01,,1,1,8-A12B
TTSH,1552800,2012-08-09,2025-12-17,2,1,25|8-A12B
TUSK,1679268,2016-10-13,,1,1,8-A12B
TVA,2033991,2025-04-22,,1,1,8-A12B
TVGN,1860871,2021-11-02,2024-02-14,2,1,25-NSE|8-A12B
TVRD,1346830,2014-01-27,,1,1,8-A12B
TWFG,2007596,2024-07-15,,1,1,8-A12B
TWG,1978057,2024-04-12,,1,1,8-A12B
TWLV,2052243,2025-12-11,,1,1,8-A12B
TWO,1465740,2017-03-13,2021-03-15,2,1,25-NSE|8-A12B
TXG,1770787,2019-09-06,,1,1,8-A12B
TXMD,25743,2013-04-22,2017-10-06,2,1,25|8-A12B
TYGO,1855447,2021-08-04,2023-09-08,2,1,25-NSE|8-A12B
TYRA,1863127,2021-09-10,,1,1,8-A12B
UBXG,1888525,2024-03-21,,1,1,8-A12B
UCAR,1939780,2023-03-31,,1,1,8-A12B
UDMY,1607939,2021-10-21,,1,1,8-A12B
UFG,2021688,2025-01-10,,1,1,8-A12B
UGRO,1706524,2018-07-12,,1,1,8-A12G
UHG,1830188,2021-01-25,2023-03-30,2,1,25-NSE|8-A12B
UIS,746838,2020-02-06,2020-08-05,2,1,25-NSE|8-A12B
UK,1821424,2021-01-05,2025-11-18,2,1,25-NSE|8-A12B
ULCC,1670076,2021-03-31,,1,1,8-A12B
ULY,1603652,2023-10-18,,1,1,8-A12B
UNCY,1766140,2021-07-06,,1,1,8-A12B
UOKA,1741534,2018-12-18,,1,1,8-A12B
UP,1819516,2020-09-21,2023-07-07,2,1,25-NSE|8-A12B
UPB,2022626,2024-10-08,,1,1,8-A12B
UPBD,933036,2017-03-28,,1,1,8-A12B
UPC,1809616,2021-03-17,,1,1,8-A12B
UPLD,1505155,2014-11-03,,1,1,8-A12B
UPXI,1775194,2021-06-23,,1,1,8-A12B
URGN,1668243,2017-05-01,,1,1,8-A12B
USIO,1088034,2015-08-05,,1,1,8-A12B
UTI,1261654,2016-06-30,2017-02-23,2,1,25-NSE|8-A12B
UTSI,1030471,2000-02-23,2011-06-24,2,1,25-NSE|8-A12G
UTZ,1739566,2018-10-03,2021-01-14,2,1,25-NSE|8-A12B
UVE,891166,2013-11-21,2013-12-02,2,1,25|8-A12B
UWMC,1783398,2020-01-22,2026-01-08,2,1,25-NSE|8-A12B
VANI,1266806,2014-11-14,2022-09-08,2,1,25|8-A12B
VATE,1006837,2014-12-23,2017-05-22,2,1,25|8-A12B
VCIC,2025396,2024-09-05,,1,1,8-A12B
VCIG,1930510,2023-03-31,,1,1,8-A12B
VEEA,1840317,2021-03-15,2024-09-17,2,1,25-NSE|8-A12B
VEEE,1855509,2021-07-16,,1,1,8-A12B
VEL,1692376,2020-01-17,,1,1,8-A12B
VELO,1825079,2020-12-02,2024-09-26,2,1,25-NSE|8-A12B
VERA,1831828,2021-05-11,,1,1,8-A12B
VERI,1615165,2017-05-11,,1,1,8-A12B
VERO,1409269,2017-10-10,2026-01-30,2,1,25|8-A12B
VERU,863894,2007-07-06,2009-06-08,2,1,25|8-A12B
VET,1293135,2013-03-06,,1,1,8-A12B
VHC,1082324,1999-07-30,2025-09-22,2,1,25|8-A12G
VINC,1796129,2020-03-05,2025-04-28,2,1,25|8-A12B
VINP,1826286,2021-01-25,,1,1,8-A12B
VIR,1706431,2019-10-09,,1,1,8-A12B
VISL,1565228,2013-06-26,2025-02-10,2,1,25|8-A12B
VITL,1579733,2020-07-28,,1,1,8-A12B
VIVK,1450704,2008-12-22,,1,1,8-A12G
VIVS,1497253,2012-03-13,2016-08-05,2,1,25|8-A12G
VLN,1863006,2021-09-27,,1,1,8-A12B
VMAR,1813783,2020-11-20,,1,1,8-A12B
VMD,1729149,2019-07-10,,1,1,10-12B
VNCE,1579157,2013-11-20,2025-10-20,2,1,25|8-A12B
VNDA,1347178,2024-04-17,,1,1,8-A12B
VOC,1505413,2011-05-02,,1,1,8-A12B
VOR,1817229,2021-02-01,,1,1,8-A12B
VOYG,1788060,2025-06-11,,1,1,8-A12B
VRA,1495320,2024-10-11,,1,1,8-A12B
VRAR,1854445,2021-06-29,,1,1,8-A12B
VRAX,1885827,2022-06-30,,1,1,8-A12B
VRCA,1660334,2018-06-13,,1,1,8-A12B
VREX,1681622,2016-08-11,,1,1,10-12B
VRM,1580864,2020-06-05,,1,1,8-A12B
VRME,1104038,2020-06-16,2025-06-23,2,1,25-NSE|8-A12B
VRTS,883237,1998-03-31,2024-01-16,2,1,25|8-A12B
VS,1701963,2021-01-12,2026-01-16,2,1,25-NSE|8-A12B
VSEE,1864531,2021-11-03,2024-06-24,2,1,25-NSE|8-A12B
VSME,1951294,2023-09-27,,1,1,8-A12B
VSTD,1898604,2022-09-07,,1,1,8-A12B
VSTM,1526119,2012-01-23,,1,1,8-A12B
VSTS,1967649,2023-08-15,,1,1,10-12B
VTEX,1793663,2021-07-16,,1,1,8-A12B
VTGN,1411685,2010-06-18,,1,1,8-A12G
VTOL,1525221,2012-10-12,,1,1,10-12B
VTS,1944558,2022-10-31,,1,1,10-12B
VTSI,1085243,2018-03-09,2018-03-29,2,1,253G2|8-A12B
VTVT,1641489,2015-07-30,,1,1,8-A12B
VTYX,1851194,2021-10-18,,1,1,8-A12B
VUZI,1463972,2009-12-08,,1,1,8-A12G
VVOS,1716166,2020-12-10,,1,1,8-A12B
VVPR,1681348,2016-12-28,,1,1,8-A12B
VWAV,2038439,2025-07-10,,1,1,8-A12B
VXRT,72444,2011-08-25,2025-11-21,2,1,25-NSE|8-A12B
VYGR,1640266,2015-11-06,,1,1,8-A12B
VYNE,1566044,2018-01-19,,1,1,8-A12B
WAFU,1716770,2018-08-02,,1,1,8-A12B
WAI,1938865,2023-03-29,,1,1,8-A12B
WALD,1840199,2021-03-12,2022-07-27,2,1,25-NSE|8-A12B
WATT,1575793,2014-03-26,2024-11-25,2,1,253G2|8-A12B
WBI,2064947,2025-09-17,,1,1,8-A12B
WBUY,1946703,2023-10-18,,1,1,8-A12B
WCT,1990251,2024-09-30,,1,1,8-A12B
WEAV,1609151,2021-11-02,,1,1,8-A12B
WEST,1806347,2022-08-26,2024-10-15,2,1,25-NSE|8-A12B
WETH,1826660,2024-02-12,,1,1,8-A12B
WETO,1941158,2025-02-26,,1,1,8-A12B
WFF,1980210,2025-03-24,,1,1,8-A12B
WGRX,2030763,2025-02-18,,1,1,8-A12B
WHF,1552198,2012-12-04,2021-12-16,2,1,25-NSE|8-A12B
WHWK,1422142,2018-06-25,,1,1,8-A12B
WIMI,1770088,2020-03-27,,1,1,8-A12B
WKHS,1425287,2016-01-05,,1,1,8-A12B
WKSP,1096275,2021-07-27,2024-08-07,2,1,25-NSE|8-A12B
WLAC,2032379,2024-11-07,,1,1,8-A12B
WLDS,1887673,2022-09-09,,1,1,8-A12B
WLKP,1604665,2014-07-24,,1,1,8-A12B
WNS,1356570,2006-07-14,2025-10-17,2,1,25-NSE|8-A12B
WNW,1787803,2020-12-14,,1,1,8-A12B
WOK,1929783,2024-08-20,,1,1,8-A12B
WOLF,895419,2021-09-30,2025-09-29,2,1,25-NSE|8-A12B
WOOF,1826470,2021-01-11,,1,1,8-A12B
WORX,1674227,2016-09-28,,1,1,8-A12B
WPRT,1370416,2008-08-11,,1,1,8-A12B
WRAP,1702924,2017-09-08,,1,1,8-A12G
WS,1968487,2023-10-04,,1,1,10-12B
WSBF,1569994,2014-01-21,,1,1,8-A12B
WSR,1175535,2010-08-24,2022-02-14,2,1,25-NSE|8-A12B
WT,880631,2022-03-14,2022-11-04,2,1,25|8-A12B
WTER,1532390,2013-10-25,2024-03-21,2,1,25-NSE|8-A12G
WTF,1987363,2025-03-27,,1,1,8-A12B
WTO,1789299,2021-04-01,,1,1,8-A12B
WTTR,1693256,2017-04-18,,1,1,8-A12B
WVE,1631574,2015-11-09,,1,1,8-A12B
WVVI,838875,2015-10-28,,1,1,8-A12B
WW,105319,2018-10-12,2025-07-03,2,1,25-NSE|8-A12B
WXM,1979610,2024-12-20,,1,1,8-A12B
WYFI,2042022,2025-08-04,,1,1,8-A12B
XAGE,1842939,2021-03-16,2025-11-21,2,1,25-NSE|8-A12B
XAIR,1641631,2017-03-14,,1,1,8-A12G
XBIO,1534525,2016-11-01,2024-07-18,2,1,25-NSE|8-A12B
XBIT,1626878,2015-04-14,,1,1,8-A12B
XBP,1839530,2021-03-11,2023-11-29,2,1,25-NSE|8-A12B
XCUR,1698530,2019-07-30,,1,1,8-A12B
XELB,1083220,2015-07-30,,1,1,8-A12B
XFOR,1501697,2017-11-15,,1,1,8-A12B
XHLD,2030954,2025-02-11,,1,1,8-A12B
XHR,1616000,2014-08-11,,1,1,10-12B
XIFR,1603145,2014-06-23,,1,1,8-A12B
XLO,1840233,2021-10-18,,1,1,8-A12B
XNCR,1326732,2013-11-07,,1,1,8-A12B
XOMA,791908,2020-12-11,,1,1,8-A12B
XOS,1819493,2020-10-06,2021-08-19,2,1,25-NSE|8-A12B
XPEL,1767258,2019-04-03,,1,1,10-12B
XPER,1788999,2022-08-26,,1,1,10-12B
XPOF,1802156,2021-07-20,,1,1,8-A12B
XPON,1894954,2022-03-31,,1,1,8-A12B
XRTX,1729214,2021-09-29,,1,1,8-A12B
XRX,1770450,2021-09-20,2021-09-20,2,1,25|8-A12B
XTIA,1529113,2014-04-07,,1,1,8-A12B
XTKG,1754323,2019-03-27,,1,1,8-A12B
XWEL,1410428,2010-06-16,2015-06-19,2,1,25-NSE|8-A12B
XXII,1347858,2010-09-08,2024-08-16,2,1,253G3|8-A12G
YAAS,1964946,2024-12-13,,1,1,8-A12B
YDDL,2034723,2025-10-08,,1,1,8-A12B
YDKG,1413745,2007-10-24,,1,1,8-A12B
YHGJ,1042187,1997-09-19,,1,1,8-A12G
YIBO,1868395,2024-01-23,,1,1,8-A12B
YMAT,1875016,2025-07-29,,1,1,8-A12B
YSXT,1993463,2024-12-16,,1,1,8-A12B
YTRA,1516899,2016-12-15,,1,1,8-A12B
YYAI,1674440,2022-06-14,,1,1,8-A12B
YYGH,1985337,2024-04-18,,1,1,8-A12B
ZBAI,1755058,2019-04-18,,1,1,8-A12B
ZBAO,1966750,2024-03-29,,1,1,8-A12B
ZBIO,1953926,2024-09-10,,1,1,8-A12B
ZCAR,1854275,2021-10-25,2025-07-21,2,1,25-NSE|8-A12B
ZCMD,1785566,2020-02-13,,1,1,8-A12B
ZDAI,1966678,2024-07-18,,1,1,8-A12B
ZENA,1997403,2024-09-26,,1,1,8-A12B
ZENV,1836934,2021-07-19,,1,1,8-A12B
ZEO,1865506,2021-10-18,2024-03-13,2,1,25-NSE|8-A12B
ZGM,2011458,2025-09-05,,1,1,8-A12B
ZIM,1654126,2021-01-25,,1,1,8-A12B
ZIP,1617553,2021-05-11,,1,1,8-A12B
ZIVO,1101026,2021-05-27,2024-02-15,2,1,25-NSE|8-A12B
ZJK,1941506,2024-09-26,,1,1,8-A12B
ZJYL,1837821,2023-03-23,,1,1,8-A12B
ZKIN,1687451,2017-07-07,,1,1,8-A12B
ZNTL,1725160,2020-04-02,,1,1,8-A12B
ZOOZ,1992818,2024-04-04,,1,1,8-A12B
ZPTA,1843714,2022-01-11,2025-03-05,2,1,25-NSE|8-A12B
ZSPC,1637147,2024-12-04,,1,1,8-A12B
ZURA,1855644,2021-07-13,2024-08-27,2,1,25-NSE|8-A12B
ZVIA,1854139,2021-07-19,,1,1,8-A12B
ZVRA,1434647,2015-04-10,2020-08-11,2,1,25-NSE|8-A12B
ZVSA,1859007,2021-12-20,2025-10-06,2,1,25-NSE|8-A12B
ZYBT,1975641,2024-12-19,,1,1,8-A12B
ZYME,1937653,2022-12-15,2022-12-15,2,1,25|8-A12B
